date,soil_moisture_percent,air_temperature_celsius
2018/7/3 14:49,14.01,31.47
2018/7/3 15:04,13.88,31.73
2018/7/3 15:19,13.74,32.18
2018/7/3 15:34,13.61,31.96
2018/7/3 15:49,13.48,31.2
2018/7/3 16:04,13.48,30.98
2018/7/3 16:19,13.61,30.67
2018/7/3 16:34,13.48,30.19
2018/7/3 16:49,13.22,29.35
2018/7/3 17:04,13.09,28.69
2018/7/3 17:19,12.83,28.07
2018/7/3 17:34,12.83,27
2018/7/3 17:49,13.21,25.2
2018/7/3 18:04,13.08,24.61
2018/7/3 18:19,12.95,23.97
2018/7/3 18:34,12.95,23.6
2018/7/3 18:49,13.33,23.37
2018/7/3 19:04,13.07,22.91
2018/7/3 19:19,13.07,22.68
2018/7/3 19:34,12.81,22.3
2018/7/3 19:49,13.07,21.97
2018/7/3 20:04,13.07,21.74
2018/7/3 20:19,12.94,21.64
2018/7/3 20:34,12.94,21.45
2018/7/3 20:49,12.68,21.31
2018/7/3 21:04,12.94,21.22
2018/7/3 21:19,12.94,21.31
2018/7/3 21:34,12.68,21.12
2018/7/3 21:49,12.94,21.03
2018/7/3 22:04,12.68,20.98
2018/7/3 22:19,12.93,20.93
2018/7/3 22:34,13.19,20.88
2018/7/3 22:49,12.93,20.74
2018/7/3 23:04,13.06,20.69
2018/7/3 23:19,12.67,20.64
2018/7/3 23:34,12.42,20.74
2018/7/3 23:49,12.67,21.03
2018/7/4 00:04,13.06,20.83
2018/7/4 00:19,13.06,20.64
2018/7/4 00:34,12.8,20.98
2018/7/4 00:49,12.8,21.12
2018/7/4 01:04,13.06,21.17
2018/7/4 01:19,12.8,20.93
2018/7/4 01:34,12.54,20.64
2018/7/4 01:49,13.06,20.55
2018/7/4 02:04,12.54,20.45
2018/7/4 02:19,13.06,20.3
2018/7/4 02:34,12.54,20.21
2018/7/4 02:49,12.8,20.11
2018/7/4 03:04,12.8,20.06
2018/7/4 03:19,12.54,19.92
2018/7/4 03:34,12.67,19.92
2018/7/4 03:49,12.54,19.92
2018/7/4 04:04,12.54,19.82
2018/7/4 04:19,12.93,19.72
2018/7/4 04:34,12.28,19.72
2018/7/4 04:49,12.92,19.57
2018/7/4 05:04,12.67,19.57
2018/7/4 05:19,12.28,19.48
2018/7/4 05:34,12.79,19.48
2018/7/4 05:49,12.41,19.53
2018/7/4 06:04,12.54,19.82
2018/7/4 06:19,12.41,19.96
2018/7/4 06:34,12.66,20.26
2018/7/4 06:49,12.79,20.55
2018/7/4 07:04,12.54,20.88
2018/7/4 07:19,12.28,21.45
2018/7/4 07:34,12.54,22.26
2018/7/4 07:49,12.28,22.21
2018/7/4 08:04,12.02,23.05
2018/7/4 08:19,12.02,24.25
2018/7/4 08:34,11.76,23.51
2018/7/4 08:49,12.28,23.7
2018/7/4 09:04,11.89,24.43
2018/7/4 09:19,12.15,26.82
2018/7/4 09:34,12.15,25.79
2018/7/4 09:49,12.15,25.7
2018/7/4 10:04,11.89,28.55
2018/7/4 10:19,11.63,33.96
2018/7/4 10:34,11.63,38.22
2018/7/4 10:49,11.75,42.67
2018/7/4 11:04,11.1,42.97
2018/7/4 11:19,11.22,49.82
2018/7/4 11:34,10.96,49.18
2018/7/4 11:49,11.35,46.52
2018/7/4 12:04,30.06,32.89
2018/7/4 12:19,28.04,35.95
2018/7/4 12:34,26.51,36.96
2018/7/4 12:49,25.39,34.32
2018/7/4 13:04,24.88,32.84
2018/7/4 13:19,24.49,29.83
2018/7/4 13:34,23.87,31.56
2018/7/4 13:49,23.37,32.13
2018/7/4 14:04,23.12,32.22
2018/7/4 14:19,22.74,32.67
2018/7/4 14:34,22.49,32.62
2018/7/4 14:49,22,31.65
2018/7/4 15:04,21.5,30.94
2018/7/4 15:19,21.62,30.41
2018/7/4 15:34,21.24,27.71
2018/7/4 15:49,20.74,28.29
2018/7/4 16:04,20.49,28.73
2018/7/4 16:19,20.36,30.23
2018/7/4 16:34,20.11,30.76
2018/7/4 16:49,19.61,29.88
2018/7/4 17:04,19.24,29.35
2018/7/4 17:19,19.36,28.51
2018/7/4 17:34,19.1,27.27
2018/7/4 17:49,18.85,25.65
2018/7/4 18:04,18.97,24.79
2018/7/4 18:19,18.84,24.38
2018/7/4 18:34,18.59,24.25
2018/7/4 18:49,18.34,24.29
2018/7/4 19:04,18.08,23.93
2018/7/4 19:19,18.33,23.42
2018/7/4 19:34,18.45,23.05
2018/7/4 19:49,17.82,22.77
2018/7/4 20:04,18.2,22.49
2018/7/4 20:19,17.95,22.44
2018/7/4 20:34,18.07,22.26
2018/7/4 20:49,17.82,22.02
2018/7/4 21:04,17.69,21.93
2018/7/4 21:19,17.82,21.69
2018/7/4 21:34,17.56,21.64
2018/7/4 21:49,17.94,21.41
2018/7/4 22:04,17.69,21.36
2018/7/4 22:19,17.69,21.41
2018/7/4 22:34,17.18,21.36
2018/7/4 22:49,17.3,21.26
2018/7/4 23:04,17.43,21.17
2018/7/4 23:19,17.68,21.12
2018/7/4 23:34,17.3,21.07
2018/7/4 23:49,17.55,21.07
2018/7/5 00:04,17.17,21.07
2018/7/5 00:19,17.05,20.93
2018/7/5 00:34,17.17,20.93
2018/7/5 00:49,16.79,20.79
2018/7/5 01:04,16.92,20.83
2018/7/5 01:19,17.3,20.93
2018/7/5 01:34,16.66,20.74
2018/7/5 01:49,16.66,20.79
2018/7/5 02:04,17.17,20.69
2018/7/5 02:19,16.92,20.59
2018/7/5 02:34,16.79,20.45
2018/7/5 02:49,16.79,20.35
2018/7/5 03:04,16.53,20.45
2018/7/5 03:19,16.91,20.4
2018/7/5 03:34,16.79,20.3
2018/7/5 03:49,16.53,20.21
2018/7/5 04:04,16.66,20.16
2018/7/5 04:19,16.66,20.06
2018/7/5 04:34,16.28,19.96
2018/7/5 04:49,16.15,20.11
2018/7/5 05:04,16.65,19.96
2018/7/5 05:19,16.4,19.96
2018/7/5 05:34,16.4,19.96
2018/7/5 05:49,16.4,19.96
2018/7/5 06:04,16.53,20.01
2018/7/5 06:19,15.89,20.11
2018/7/5 06:34,16.14,20.35
2018/7/5 06:49,16.14,20.59
2018/7/5 07:04,15.89,20.83
2018/7/5 07:19,16.27,21.07
2018/7/5 07:34,15.63,21.26
2018/7/5 07:49,15.89,21.6
2018/7/5 08:04,15.63,22.35
2018/7/5 08:19,15.25,22.54
2018/7/5 08:34,15.63,23.6
2018/7/5 08:49,15.25,24.02
2018/7/5 09:04,15.12,24.11
2018/7/5 09:19,15.5,24.98
2018/7/5 09:34,15.38,26.78
2018/7/5 09:49,14.99,29.04
2018/7/5 10:04,14.99,35.45
2018/7/5 10:19,14.49,42.82
2018/7/5 10:34,14.23,45.44
2018/7/5 10:49,14.5,46.41
2018/7/5 11:04,13.85,41.51
2018/7/5 11:19,14.11,48.09
2018/7/5 11:34,13.6,49.47
2018/7/5 11:49,13.47,48.49
2018/7/5 12:04,13.6,41.46
2018/7/5 12:19,13.34,46.47
2018/7/5 12:34,13.21,47.86
2018/7/5 12:49,13.08,36.69
2018/7/5 13:04,12.82,32.89
2018/7/5 13:19,12.43,32.18
2018/7/5 13:34,12.81,31.82
2018/7/5 13:49,12.81,31.65
2018/7/5 14:04,12.29,31.29
2018/7/5 14:19,12.16,31.12
2018/7/5 14:34,12.29,31.03
2018/7/5 14:49,12.16,30.41
2018/7/5 15:04,12.16,31.03
2018/7/5 15:19,12.03,30.94
2018/7/5 15:34,12.02,30.45
2018/7/5 15:49,11.51,30.19
2018/7/5 16:04,11.89,29.88
2018/7/5 16:19,11.5,29.35
2018/7/5 16:34,11.37,28.82
2018/7/5 16:49,11.37,28.46
2018/7/5 17:04,11.5,28.07
2018/7/5 17:19,11.63,27.44
2018/7/5 17:34,11.5,26.1
2018/7/5 17:49,10.85,25.2
2018/7/5 18:04,11.37,24.52
2018/7/5 18:19,10.85,24.16
2018/7/5 18:34,11.11,23.88
2018/7/5 18:49,11.1,23.56
2018/7/5 19:04,10.97,23.05
2018/7/5 19:19,10.84,22.82
2018/7/5 19:34,11.1,22.54
2018/7/5 19:49,10.84,22.86
2018/7/5 20:04,10.97,22.91
2018/7/5 20:19,10.58,22.54
2018/7/5 20:34,10.97,21.93
2018/7/5 20:49,11.1,21.64
2018/7/5 21:04,10.97,21.55
2018/7/5 21:19,10.97,21.41
2018/7/5 21:34,10.71,21.26
2018/7/5 21:49,11.1,21.12
2018/7/5 22:04,10.84,21.17
2018/7/5 22:19,10.45,20.98
2018/7/5 22:34,10.71,20.88
2018/7/5 22:49,10.32,20.93
2018/7/5 23:04,10.96,20.79
2018/7/5 23:19,10.71,20.74
2018/7/5 23:34,10.83,20.69
2018/7/5 23:49,10.71,20.69
2018/7/6 00:04,10.58,20.69
2018/7/6 00:19,10.58,20.59
2018/7/6 00:34,10.7,20.5
2018/7/6 00:49,10.58,20.5
2018/7/6 01:04,10.83,20.55
2018/7/6 01:19,10.83,20.45
2018/7/6 01:34,10.83,20.3
2018/7/6 01:49,10.32,20.3
2018/7/6 02:04,10.7,20.21
2018/7/6 02:19,10.7,20.16
2018/7/6 02:34,10.32,20.06
2018/7/6 02:49,10.06,20.06
2018/7/6 03:04,10.19,19.92
2018/7/6 03:19,10.44,19.96
2018/7/6 03:34,10.44,19.82
2018/7/6 03:49,10.44,19.82
2018/7/6 04:04,10.44,19.77
2018/7/6 04:19,10.31,19.72
2018/7/6 04:34,10.44,19.57
2018/7/6 04:49,10.57,19.62
2018/7/6 05:04,10.57,19.62
2018/7/6 05:19,10.06,19.57
2018/7/6 05:34,10.31,19.53
2018/7/6 05:49,9.93,19.67
2018/7/6 06:04,10.05,19.77
2018/7/6 06:19,10.44,19.96
2018/7/6 06:34,9.93,20.21
2018/7/6 06:49,10.18,20.45
2018/7/6 07:04,9.93,20.79
2018/7/6 07:19,9.93,21.03
2018/7/6 07:34,10.05,21.36
2018/7/6 07:49,10.05,21.64
2018/7/6 08:04,10.05,21.93
2018/7/6 08:19,10.05,22.26
2018/7/6 08:34,9.8,22.68
2018/7/6 08:49,10.18,23.37
2018/7/6 09:04,10.05,24.11
2018/7/6 09:19,10.05,24.93
2018/7/6 09:34,9.54,26.51
2018/7/6 09:49,9.41,29.13
2018/7/6 10:04,9.54,35.45
2018/7/6 10:19,9.66,43.03
2018/7/6 10:34,9.27,46.14
2018/7/6 10:49,46.37,41.76
2018/7/6 11:04,38.05,45.82
2018/7/6 11:19,34.81,48.32
2018/7/6 11:34,32.14,48.26
2018/7/6 11:49,29.97,45.76
2018/7/6 12:04,28.98,41.41
2018/7/6 12:19,27.42,46.58
2018/7/6 12:34,26.45,46.47
2018/7/6 12:49,25.71,36.55
2018/7/6 13:04,25.32,32.89
2018/7/6 13:19,24.35,31.51
2018/7/6 13:34,24.33,30.14
2018/7/6 13:49,23.83,30.59
2018/7/6 14:04,23.22,30.72
2018/7/6 14:19,23.09,31.07
2018/7/6 14:34,22.84,31.34
2018/7/6 14:49,22.59,30.81
2018/7/6 15:04,22.1,30.1
2018/7/6 15:19,22.22,30.01
2018/7/6 15:34,21.85,30.59
2018/7/6 15:49,21.23,29.13
2018/7/6 16:04,21.35,28.33
2018/7/6 16:19,21.34,29.17
2018/7/6 16:34,20.97,29.22
2018/7/6 16:49,20.97,26.95
2018/7/6 17:04,20.35,27.67
2018/7/6 17:19,20.72,27.13
2018/7/6 17:34,20.59,25.61
2018/7/6 17:49,20.09,25.29
2018/7/6 18:04,20.21,25.2
2018/7/6 18:19,19.96,24.48
2018/7/6 18:34,20.08,23.74
2018/7/6 18:49,19.83,23.42
2018/7/6 19:04,19.83,23.56
2018/7/6 19:19,20.08,23.14
2018/7/6 19:34,19.95,22.77
2018/7/6 19:49,19.45,22.54
2018/7/6 20:04,20.07,22.26
2018/7/6 20:19,19.45,21.97
2018/7/6 20:34,19.7,21.83
2018/7/6 20:49,19.7,21.79
2018/7/6 21:04,19.82,21.69
2018/7/6 21:19,19.82,21.69
2018/7/6 21:34,19.32,21.88
2018/7/6 21:49,19.44,21.45
2018/7/6 22:04,19.57,21.41
2018/7/6 22:19,19.07,21.31
2018/7/6 22:34,19.44,21.26
2018/7/6 22:49,19.44,21.17
2018/7/6 23:04,19.07,21.17
2018/7/6 23:19,19.31,21.17
2018/7/6 23:34,19.06,21.07
2018/7/6 23:49,19.44,21.03
2018/7/7 00:04,19.06,21.17
2018/7/7 00:19,19.19,21.03
2018/7/7 00:34,19.19,20.93
2018/7/7 00:49,19.06,20.83
2018/7/7 01:04,19.18,20.83
2018/7/7 01:19,18.81,20.83
2018/7/7 01:34,19.06,20.74
2018/7/7 01:49,18.93,20.59
2018/7/7 02:04,18.93,20.64
2018/7/7 02:19,18.68,20.69
2018/7/7 02:34,19.06,20.69
2018/7/7 02:49,18.81,20.64
2018/7/7 03:04,18.81,20.59
2018/7/7 03:19,18.93,20.59
2018/7/7 03:34,19.05,20.55
2018/7/7 03:49,18.8,20.55
2018/7/7 04:04,18.43,20.5
2018/7/7 04:19,18.55,20.35
2018/7/7 04:34,18.43,20.45
2018/7/7 04:49,18.68,20.5
2018/7/7 05:04,18.43,20.5
2018/7/7 05:19,18.8,20.5
2018/7/7 05:34,18.55,20.4
2018/7/7 05:49,18.3,20.35
2018/7/7 06:04,18.42,20.5
2018/7/7 06:19,18.67,20.74
2018/7/7 06:34,18.42,21.03
2018/7/7 06:49,18.55,21.31
2018/7/7 07:04,18.3,21.64
2018/7/7 07:19,18.05,21.88
2018/7/7 07:34,18.42,22.16
2018/7/7 07:49,17.92,22.35
2018/7/7 08:04,17.8,22.63
2018/7/7 08:19,17.8,23.19
2018/7/7 08:34,17.67,23.6
2018/7/7 08:49,17.67,24.11
2018/7/7 09:04,18.05,24.7
2018/7/7 09:19,17.55,25.79
2018/7/7 09:34,17.42,27.36
2018/7/7 09:49,17.8,29.88
2018/7/7 10:04,17.17,36.09
2018/7/7 10:19,17.18,44.74
2018/7/7 10:34,16.93,45.01
2018/7/7 10:49,16.43,48.14
2018/7/7 11:04,16.05,50.65
2018/7/7 11:19,15.8,51.32
2018/7/7 11:34,15.8,51.5
2018/7/7 11:49,15.67,49.59
2018/7/7 12:04,15.54,41.81
2018/7/7 12:19,15.28,47.69
2018/7/7 12:34,14.77,49.82
2018/7/7 12:49,14.51,38.55
2018/7/7 13:04,14.51,33.33
2018/7/7 13:19,14.38,32.98
2018/7/7 13:34,14.11,32.98
2018/7/7 13:49,13.98,33.25
2018/7/7 14:04,13.72,33.33
2018/7/7 14:19,13.85,33.2
2018/7/7 14:34,14.1,33.38
2018/7/7 14:49,13.97,33.16
2018/7/7 15:04,13.59,33.42
2018/7/7 15:19,13.2,32.31
2018/7/7 15:34,13.07,31.87
2018/7/7 15:49,13.19,31.96
2018/7/7 16:04,13.06,30.94
2018/7/7 16:19,13.06,30.89
2018/7/7 16:34,12.8,30.59
2018/7/7 16:49,12.93,30.45
2018/7/7 17:04,12.54,30.14
2018/7/7 17:19,12.54,29.22
2018/7/7 17:34,12.54,28.07
2018/7/7 17:49,12.41,26.64
2018/7/7 18:04,12.53,25.97
2018/7/7 18:19,12.53,25.52
2018/7/7 18:34,12.4,25.2
2018/7/7 18:49,11.89,25.2
2018/7/7 19:04,12.4,24.75
2018/7/7 19:19,12.27,24.16
2018/7/7 19:34,11.75,23.79
2018/7/7 19:49,11.88,23.7
2018/7/7 20:04,11.75,23.24
2018/7/7 20:19,12.27,22.91
2018/7/7 20:34,12.14,22.72
2018/7/7 20:49,11.88,22.49
2018/7/7 21:04,12.14,22.49
2018/7/7 21:19,11.62,22.58
2018/7/7 21:34,12.01,22.54
2018/7/7 21:49,12.26,22.4
2018/7/7 22:04,12,22.26
2018/7/7 22:19,12.13,22.16
2018/7/7 22:34,11.87,21.93
2018/7/7 22:49,12.13,21.88
2018/7/7 23:04,12,21.64
2018/7/7 23:19,12,21.69
2018/7/7 23:34,11.49,21.5
2018/7/7 23:49,11.87,21.55
2018/7/8 00:04,12,21.41
2018/7/8 00:19,12.13,21.36
2018/7/8 00:34,12.13,21.36
2018/7/8 00:49,12.13,21.26
2018/7/8 01:04,11.74,21.36
2018/7/8 01:19,11.35,21.22
2018/7/8 01:34,11.74,21.26
2018/7/8 01:49,11.87,21.07
2018/7/8 02:04,11.61,21.17
2018/7/8 02:19,11.74,20.98
2018/7/8 02:34,11.74,20.93
2018/7/8 02:49,11.35,20.98
2018/7/8 03:04,11.74,20.88
2018/7/8 03:19,11.22,20.93
2018/7/8 03:34,11.61,20.93
2018/7/8 03:49,11.87,20.79
2018/7/8 04:04,11.35,20.69
2018/7/8 04:19,11.48,20.55
2018/7/8 04:34,11.61,20.55
2018/7/8 04:49,11.48,20.55
2018/7/8 05:04,11.74,20.5
2018/7/8 05:19,11.61,20.55
2018/7/8 05:34,10.96,20.35
2018/7/8 05:49,11.09,20.55
2018/7/8 06:04,11.73,20.64
2018/7/8 06:19,11.09,20.83
2018/7/8 06:34,11.48,21.03
2018/7/8 06:49,11.09,21.26
2018/7/8 07:04,10.83,21.6
2018/7/8 07:19,11.35,22.02
2018/7/8 07:34,11.47,22.49
2018/7/8 07:49,11.22,22.77
2018/7/8 08:04,11.47,23.1
2018/7/8 08:19,11.35,23.47
2018/7/8 08:34,10.57,24.11
2018/7/8 08:49,10.96,24.61
2018/7/8 09:04,10.57,25.29
2018/7/8 09:19,11.22,26.24
2018/7/8 09:34,10.96,27.8
2018/7/8 09:49,10.7,30.14
2018/7/8 10:04,10.96,36
2018/7/8 10:19,10.17,45.12
2018/7/8 10:34,10.42,47.64
2018/7/8 10:49,10.28,52.05
2018/7/8 11:04,10.14,53.94
2018/7/8 11:19,10.26,54.92
2018/7/8 11:34,10,54.26
2018/7/8 11:49,10.14,50.83
2018/7/8 12:04,9.76,43.39
2018/7/8 12:19,9.89,48.43
2018/7/8 12:34,9.37,51.26
2018/7/8 12:49,9.51,38.89
2018/7/8 13:04,9.64,34.73
2018/7/8 13:19,9.65,33.47
2018/7/8 13:34,9.27,33.38
2018/7/8 13:49,9.27,33.87
2018/7/8 14:04,9.14,33.96
2018/7/8 14:19,9.39,33.25
2018/7/8 14:34,9.39,34.05
2018/7/8 14:49,9.13,34.41
2018/7/8 15:04,9.26,34.27
2018/7/8 15:19,8.75,33.87
2018/7/8 15:34,8.75,33.25
2018/7/8 15:49,8.62,32.71
2018/7/8 16:04,9.13,32.36
2018/7/8 16:19,8.87,32.62
2018/7/8 16:34,9,31.73
2018/7/8 16:49,8.49,31.51
2018/7/8 17:04,8.49,31.12
2018/7/8 17:19,8.62,30.01
2018/7/8 17:34,8.37,28.33
2018/7/8 17:49,8.75,27.18
2018/7/8 18:04,8.37,26.42
2018/7/8 18:19,8.88,25.74
2018/7/8 18:34,8.62,25.25
2018/7/8 18:49,8.5,24.89
2018/7/8 19:04,8.62,24.43
2018/7/8 19:19,8.24,24.11
2018/7/8 19:34,8.37,23.6
2018/7/8 19:49,8.37,23.19
2018/7/8 20:04,8.5,22.72
2018/7/8 20:19,8.75,22.63
2018/7/8 20:34,8.37,22.44
2018/7/8 20:49,8.25,22.35
2018/7/8 21:04,8.5,22.4
2018/7/8 21:19,8.37,22.3
2018/7/8 21:34,8.24,21.88
2018/7/8 21:49,8.62,21.79
2018/7/8 22:04,8.24,21.69
2018/7/8 22:19,8.24,21.64
2018/7/8 22:34,8.12,21.45
2018/7/8 22:49,8.12,21.26
2018/7/8 23:04,8.12,21.26
2018/7/8 23:19,8.5,21.26
2018/7/8 23:34,8.62,21.36
2018/7/8 23:49,8.62,21.31
2018/7/9 00:04,7.99,21.45
2018/7/9 00:19,8.24,21.31
2018/7/9 00:34,8.62,20.93
2018/7/9 00:49,8.49,20.83
2018/7/9 01:04,8.24,20.69
2018/7/9 01:19,8.24,20.64
2018/7/9 01:34,8.62,20.35
2018/7/9 01:49,7.86,20.21
2018/7/9 02:04,8.37,20.16
2018/7/9 02:19,7.99,20.16
2018/7/9 02:34,7.99,20.35
2018/7/9 02:49,8.24,20.4
2018/7/9 03:04,8.49,20.59
2018/7/9 03:19,8.11,20.59
2018/7/9 03:34,8.11,20.74
2018/7/9 03:49,8.11,20.79
2018/7/9 04:04,7.99,20.5
2018/7/9 04:19,8.11,20.5
2018/7/9 04:34,7.99,20.45
2018/7/9 04:49,7.86,20.3
2018/7/9 05:04,8.11,20.21
2018/7/9 05:19,8.11,20.11
2018/7/9 05:34,7.86,20.11
2018/7/9 05:49,8.11,20.16
2018/7/9 06:04,8.11,20.35
2018/7/9 06:19,8.11,20.55
2018/7/9 06:34,7.98,20.69
2018/7/9 06:49,16.81,20.55
2018/7/9 07:04,15.43,20.64
2018/7/9 07:19,15.37,20.74
2018/7/9 07:34,15.21,20.93
2018/7/9 07:49,14.93,21.17
2018/7/9 08:04,14.79,21.5
2018/7/9 08:19,14.13,21.69
2018/7/9 08:34,13.99,22.12
2018/7/9 08:49,13.86,22.68
2018/7/9 09:04,14.11,23.65
2018/7/9 09:19,13.72,24.7
2018/7/9 09:34,13.46,26.19
2018/7/9 09:49,13.71,28.64
2018/7/9 10:04,13.32,33.92
2018/7/9 10:19,13.6,43.33
2018/7/9 10:34,13.47,44.9
2018/7/9 10:49,13.09,48.49
2018/7/9 11:04,12.97,50.3
2018/7/9 11:19,13.1,51.99
2018/7/9 11:34,12.58,52.49
2018/7/9 11:49,12.7,48.72
2018/7/9 12:04,12.68,42.31
2018/7/9 12:19,11.9,47.86
2018/7/9 12:34,12.28,51.81
2018/7/9 12:49,11.49,39.94
2018/7/9 13:04,11.61,35.54
2018/7/9 13:19,11.47,34.27
2018/7/9 13:34,11.33,34.27
2018/7/9 13:49,11.46,34.41
2018/7/9 14:04,11.06,34.23
2018/7/9 14:19,10.67,34.01
2018/7/9 14:34,10.8,34.36
2018/7/9 14:49,10.54,34.41
2018/7/9 15:04,10.92,34.19
2018/7/9 15:19,10.66,34.73
2018/7/9 15:34,10.53,34.91
2018/7/9 15:49,10.27,34.19
2018/7/9 16:04,10.01,33.83
2018/7/9 16:19,10.26,33.07
2018/7/9 16:34,10.13,31.96
2018/7/9 16:49,9.87,31.07
2018/7/9 17:04,10.26,30.5
2018/7/9 17:19,10,29.61
2018/7/9 17:34,9.61,28.91
2018/7/9 17:49,9.99,27.31
2018/7/9 18:04,9.61,26.37
2018/7/9 18:19,9.86,25.7
2018/7/9 18:34,9.86,25.2
2018/7/9 18:49,9.47,24.84
2018/7/9 19:04,9.98,24.29
2018/7/9 19:19,9.98,24.02
2018/7/9 19:34,9.34,23.74
2018/7/9 19:49,9.72,23.6
2018/7/9 20:04,9.59,23.05
2018/7/9 20:19,9.59,22.72
2018/7/9 20:34,9.59,22.49
2018/7/9 20:49,9.72,22.49
2018/7/9 21:04,9.59,22.3
2018/7/9 21:19,9.46,22.21
2018/7/9 21:34,9.46,22.02
2018/7/9 21:49,9.46,21.97
2018/7/9 22:04,9.58,21.93
2018/7/9 22:19,9.58,21.6
2018/7/9 22:34,9.46,21.69
2018/7/9 22:49,8.94,21.55
2018/7/9 23:04,9.58,21.5
2018/7/9 23:19,9.58,21.36
2018/7/9 23:34,9.58,21.31
2018/7/9 23:49,9.32,21.41
2018/7/10 00:04,9.58,21.36
2018/7/10 00:19,8.94,21.26
2018/7/10 00:34,9.32,21.17
2018/7/10 00:49,9.32,20.83
2018/7/10 01:04,9.07,20.93
2018/7/10 01:19,9.32,20.79
2018/7/10 01:34,9.45,20.74
2018/7/10 01:49,9.45,20.59
2018/7/10 02:04,8.94,20.5
2018/7/10 02:19,8.94,20.55
2018/7/10 02:34,9.19,20.4
2018/7/10 02:49,9.45,20.35
2018/7/10 03:04,9.19,20.21
2018/7/10 03:19,8.93,20.16
2018/7/10 03:34,9.19,20.21
2018/7/10 03:49,9.19,20.21
2018/7/10 04:04,8.93,20.21
2018/7/10 04:19,8.93,20.11
2018/7/10 04:34,9.31,20.16
2018/7/10 04:49,8.68,20.11
2018/7/10 05:04,9.06,20.11
2018/7/10 05:19,8.8,20.16
2018/7/10 05:34,8.93,20.26
2018/7/10 05:49,8.8,20.21
2018/7/10 06:04,9.18,20.26
2018/7/10 06:19,9.06,20.5
2018/7/10 06:34,9.18,20.59
2018/7/10 06:49,9.31,20.74
2018/7/10 07:04,8.55,21.03
2018/7/10 07:19,8.67,21.31
2018/7/10 07:34,8.8,21.45
2018/7/10 07:49,8.67,21.69
2018/7/10 08:03,8.67,21.88
2018/7/10 08:18,9.18,22.16
2018/7/10 08:33,8.8,22.49
2018/7/10 08:48,8.92,23.05
2018/7/10 09:03,8.92,23.79
2018/7/10 09:18,8.8,24.7
2018/7/10 09:33,9.05,26.1
2018/7/10 09:48,8.54,28.33
2018/7/10 10:03,8.67,32.89
2018/7/10 10:18,8.66,43.49
2018/7/10 10:33,8.65,45.44
2018/7/10 10:48,8.25,48.2
2018/7/10 11:03,8.37,50.59
2018/7/10 11:18,8.24,50.12
2018/7/10 11:33,8.11,52.11
2018/7/10 11:48,8.37,48.77
2018/7/10 12:03,8.63,41.96
2018/7/10 12:18,8.5,47.13
2018/7/10 12:33,8.37,49.82
2018/7/10 12:48,8.25,37.15
2018/7/10 13:03,8.52,34.32
2018/7/10 13:18,8.39,33.25
2018/7/10 13:33,7.89,33.07
2018/7/10 13:48,8.01,33.69
2018/7/10 14:03,8.14,33.74
2018/7/10 14:18,8.26,33.33
2018/7/10 14:33,8.14,33.42
2018/7/10 14:48,7.76,33.47
2018/7/10 15:03,7.88,33.51
2018/7/10 15:18,7.75,33.07
2018/7/10 15:33,7.5,32
2018/7/10 15:48,7.75,32.18
2018/7/10 16:03,7.75,31.03
2018/7/10 16:18,7.5,31.2
2018/7/10 16:33,7.75,29.92
2018/7/10 16:48,7.62,29.53
2018/7/10 17:03,7.62,28.95
2018/7/10 17:18,8,28.15
2018/7/10 17:33,7.88,27.04
2018/7/10 17:48,7.88,25.74
2018/7/10 18:03,7.5,25.02
2018/7/10 18:18,7.88,24.7
2018/7/10 18:33,7.75,24.43
2018/7/10 18:48,7.88,23.6
2018/7/10 19:03,7.63,23.24
2018/7/10 19:18,7.38,23.05
2018/7/10 19:33,7.38,22.77
2018/7/10 19:48,7.38,22.58
2018/7/10 20:03,7.63,22.44
2018/7/10 20:18,7.5,22.35
2018/7/10 20:33,7.5,22.07
2018/7/10 20:48,7.38,22.12
2018/7/10 21:03,7.38,21.97
2018/7/10 21:18,7.5,21.88
2018/7/10 21:33,7.63,21.97
2018/7/10 21:48,7.37,21.79
2018/7/10 22:03,7.88,21.74
2018/7/10 22:18,7.5,21.64
2018/7/10 22:33,7.75,21.55
2018/7/10 22:48,7.62,21.6
2018/7/10 23:03,7.62,21.55
2018/7/10 23:18,7.5,21.31
2018/7/10 23:33,7.37,21.26
2018/7/10 23:48,7.12,21.22
2018/7/11 00:03,7.87,21.17
2018/7/11 00:18,7.75,21.07
2018/7/11 00:33,7.25,21.03
2018/7/11 00:48,7.75,20.88
2018/7/11 01:03,7.75,20.79
2018/7/11 01:18,7.12,20.74
2018/7/11 01:33,7.49,20.83
2018/7/11 01:48,7.49,20.74
2018/7/11 02:03,7.24,20.69
2018/7/11 02:18,7.62,20.59
2018/7/11 02:33,7.74,20.55
2018/7/11 02:48,7.12,20.5
2018/7/11 03:03,7.37,20.3
2018/7/11 03:18,7.24,20.4
2018/7/11 03:33,7.12,20.26
2018/7/11 03:48,7.49,20.4
2018/7/11 04:03,6.99,20.64
2018/7/11 04:18,7.49,20.88
2018/7/11 04:33,7.49,21.07
2018/7/11 04:48,7.49,21.07
2018/7/11 05:03,7.36,21.26
2018/7/11 05:18,7.61,21.17
2018/7/11 05:33,7.36,21.31
2018/7/11 05:48,7.49,21.41
2018/7/11 06:03,7.49,21.41
2018/7/11 06:18,7.74,21.6
2018/7/11 06:33,7.49,21.74
2018/7/11 06:48,7.11,21.64
2018/7/11 07:03,7.11,21.93
2018/7/11 07:18,7.11,22.07
2018/7/11 07:33,7.36,22.16
2018/7/11 07:48,7.61,22.3
2018/7/11 08:03,7.36,22.54
2018/7/11 08:18,7.24,22.82
2018/7/11 08:33,6.99,23.05
2018/7/11 08:48,7.48,23.1
2018/7/11 09:03,7.61,24.2
2018/7/11 09:18,7.11,24.57
2018/7/11 09:33,7.36,25.16
2018/7/11 09:48,7.23,26.1
2018/7/11 10:03,7.23,26.46
2018/7/11 10:18,7.35,26.51
2018/7/11 10:33,7.48,27.44
2018/7/11 10:48,7.48,27.22
2018/7/11 11:03,7.35,27.49
2018/7/11 11:18,7.23,26.91
2018/7/11 11:33,7.1,27.31
2018/7/11 11:48,6.98,27.27
2018/7/11 12:03,7.23,27.89
2018/7/11 12:18,7.35,36.96
2018/7/11 12:33,6.96,45.17
2018/7/11 12:48,7.09,34.82
2018/7/11 13:03,7.47,32.04
2018/7/11 13:18,6.97,31.6
2018/7/11 13:33,7.47,31.65
2018/7/11 13:48,7.34,31.82
2018/7/11 14:03,7.22,31.47
2018/7/11 14:18,7.09,31.96
2018/7/11 14:33,6.84,32.04
2018/7/11 14:48,7.09,31.87
2018/7/11 15:03,7.09,31.69
2018/7/11 15:18,6.84,32
2018/7/11 15:33,6.72,32.31
2018/7/11 15:48,6.59,32.27
2018/7/11 16:03,6.59,31.69
2018/7/11 16:18,6.59,31.47
2018/7/11 16:33,7.21,30.41
2018/7/11 16:48,7.09,29.04
2018/7/11 17:03,7.09,27.09
2018/7/11 17:18,6.97,26.42
2018/7/11 17:33,7.09,26.19
2018/7/11 17:48,6.72,25.61
2018/7/11 18:03,7.22,25.11
2018/7/11 18:18,6.72,25.16
2018/7/11 18:33,7.09,24.38
2018/7/11 18:48,6.97,23.93
2018/7/11 19:03,7.22,23.56
2018/7/11 19:18,6.72,23.47
2018/7/11 19:33,6.85,23.14
2018/7/11 19:48,6.85,23
2018/7/11 20:03,6.85,23.1
2018/7/11 20:18,6.85,23.05
2018/7/11 20:33,6.48,22.96
2018/7/11 20:48,6.85,22.82
2018/7/11 21:03,6.85,22.77
2018/7/11 21:18,6.48,22.68
2018/7/11 21:33,6.97,22.72
2018/7/11 21:48,6.97,22.68
2018/7/11 22:03,6.97,22.54
2018/7/11 22:18,6.72,22.44
2018/7/11 22:33,7.09,22.35
2018/7/11 22:48,6.6,22.44
2018/7/11 23:03,7.09,22.44
2018/7/11 23:18,6.85,22.44
2018/7/11 23:33,6.6,22.3
2018/7/11 23:48,7.09,22.12
2018/7/12 00:03,6.72,21.88
2018/7/12 00:18,6.97,21.88
2018/7/12 00:33,7.09,21.79
2018/7/12 00:48,6.48,21.64
2018/7/12 01:03,6.48,21.64
2018/7/12 01:18,6.6,21.79
2018/7/12 01:33,6.97,21.64
2018/7/12 01:48,6.84,21.74
2018/7/12 02:03,6.72,21.6
2018/7/12 02:18,6.97,21.31
2018/7/12 02:33,6.72,21.07
2018/7/12 02:48,6.84,21.07
2018/7/12 03:03,6.84,21.12
2018/7/12 03:18,6.6,21.12
2018/7/12 03:33,6.6,21.12
2018/7/12 03:48,6.84,21.12
2018/7/12 04:03,6.97,21.03
2018/7/12 04:18,6.47,20.98
2018/7/12 04:33,6.6,20.93
2018/7/12 04:48,6.97,21.03
2018/7/12 05:03,7.09,21.22
2018/7/12 05:18,6.84,21.22
2018/7/12 05:33,7.09,21.36
2018/7/12 05:48,6.6,21.64
2018/7/12 06:03,6.97,21.83
2018/7/12 06:18,6.35,21.88
2018/7/12 06:33,6.97,21.83
2018/7/12 06:48,6.84,21.83
2018/7/12 07:03,6.59,22.02
2018/7/12 07:18,6.72,22.21
2018/7/12 07:33,6.47,22.44
2018/7/12 07:48,6.47,22.86
2018/7/12 08:03,6.84,23.42
2018/7/12 08:18,6.84,23.65
2018/7/12 08:33,6.47,24.02
2018/7/12 08:48,6.59,25.07
2018/7/12 09:03,6.96,25.02
2018/7/12 09:18,6.47,25.83
2018/7/12 09:33,6.59,26.06
2018/7/12 09:48,6.47,28.15
2018/7/12 10:03,6.71,31.51
2018/7/12 10:18,6.35,40.43
2018/7/12 10:33,6.59,42.67
2018/7/12 10:48,6.47,40.72
2018/7/12 11:03,6.22,41.26
2018/7/12 11:18,6.71,41.41
2018/7/12 11:33,6.59,47.75
2018/7/12 11:48,6.59,38.18
2018/7/12 12:03,6.35,39.17
2018/7/12 12:18,6.22,45.82
2018/7/12 12:33,6.35,47.58
2018/7/12 12:48,6.71,36.46
2018/7/12 13:03,6.71,33.42
2018/7/12 13:18,6.59,32.04
2018/7/12 13:33,6.59,31.96
2018/7/12 13:48,6.22,31.91
2018/7/12 14:03,6.22,32.09
2018/7/12 14:18,6.35,31.87
2018/7/12 14:33,6.47,31.56
2018/7/12 14:48,6.22,32
2018/7/12 15:03,6.47,31.78
2018/7/12 15:18,6.35,31.6
2018/7/12 15:33,6.35,31.25
2018/7/12 15:48,6.47,30.89
2018/7/12 16:03,6.47,30.23
2018/7/12 16:18,6.47,29.97
2018/7/12 16:33,6.22,29.17
2018/7/12 16:48,6.35,28.82
2018/7/12 17:03,6.47,28.11
2018/7/12 17:18,6.35,27.13
2018/7/12 17:33,6.47,26.15
2018/7/12 17:48,6.47,25.02
2018/7/12 18:03,6.47,24.48
2018/7/12 18:18,6.22,24.02
2018/7/12 18:33,6.22,23.6
2018/7/12 18:48,6.1,23.33
2018/7/12 19:03,6.1,22.86
2018/7/12 19:18,6.35,22.82
2018/7/12 19:33,6.47,22.63
2018/7/12 19:48,5.98,22.21
2018/7/12 20:03,6.59,22.02
2018/7/12 20:18,6.59,21.79
2018/7/12 20:33,6.22,21.74
2018/7/12 20:48,6.59,21.45
2018/7/12 21:03,5.86,21.55
2018/7/12 21:18,6.22,21.41
2018/7/12 21:33,6.22,21.36
2018/7/12 21:48,6.22,21.31
2018/7/12 22:03,5.86,21.07
2018/7/12 22:18,5.86,21.12
2018/7/12 22:33,6.35,21.03
2018/7/12 22:48,6.47,20.88
2018/7/12 23:03,6.35,20.93
2018/7/12 23:18,6.47,20.93
2018/7/12 23:33,6.22,20.98
2018/7/12 23:48,6.59,20.98
2018/7/13 00:03,5.98,20.93
2018/7/13 00:18,6.47,20.88
2018/7/13 00:33,6.22,20.79
2018/7/13 00:48,6.35,20.64
2018/7/13 01:03,5.98,20.5
2018/7/13 01:18,5.86,20.5
2018/7/13 01:33,6.1,20.45
2018/7/13 01:48,6.22,20.26
2018/7/13 02:03,6.59,20.26
2018/7/13 02:18,6.35,20.16
2018/7/13 02:33,6.35,20.35
2018/7/13 02:48,6.47,20.69
2018/7/13 03:03,5.98,20.59
2018/7/13 03:18,5.98,20.35
2018/7/13 03:33,6.22,20.35
2018/7/13 03:48,5.98,20.11
2018/7/13 04:03,6.22,20.11
2018/7/13 04:18,6.22,19.87
2018/7/13 04:33,6.22,19.72
2018/7/13 04:48,6.35,19.62
2018/7/13 05:03,6.35,19.53
2018/7/13 05:18,6.22,19.48
2018/7/13 05:33,6.22,19.48
2018/7/13 05:48,6.22,19.53
2018/7/13 06:03,5.98,19.62
2018/7/13 06:18,6.22,19.72
2018/7/13 06:33,6.35,19.87
2018/7/13 06:48,6.22,20.16
2018/7/13 07:03,6.35,20.55
2018/7/13 07:18,6.1,21.07
2018/7/13 07:33,5.86,21.55
2018/7/13 07:48,5.86,21.97
2018/7/13 08:03,6.22,22.35
2018/7/13 08:18,5.86,22.77
2018/7/13 08:33,5.98,23.24
2018/7/13 08:48,5.98,23.74
2018/7/13 09:03,6.22,24.29
2018/7/13 09:18,5.86,24.7
2018/7/13 09:33,6.22,26.33
2018/7/13 09:48,6.1,27.18
2018/7/13 10:03,6.1,30.41
2018/7/13 10:18,6.1,38.89
2018/7/13 10:33,6.35,37.01
2018/7/13 10:48,5.86,44.53
2018/7/13 11:03,5.98,47.24
2018/7/13 11:18,6.1,43.96
2018/7/13 11:33,5.98,44.53
2018/7/13 11:48,6.1,43.49
2018/7/13 12:03,5.86,40.33
2018/7/13 12:18,5.98,47.41
2018/7/13 12:33,5.98,48.14
2018/7/13 12:48,6.22,33.02
2018/7/13 13:03,6.47,31.07
2018/7/13 13:18,6.22,31.2
2018/7/13 13:33,6.1,31.07
2018/7/13 13:48,5.86,31.6
2018/7/13 14:03,6.47,31.56
2018/7/13 14:18,6.47,31.47
2018/7/13 14:33,6.1,31.87
2018/7/13 14:48,5.86,32.53
2018/7/13 15:03,5.86,32.36
2018/7/13 15:18,5.74,32.58
2018/7/13 15:33,5.74,32.4
2018/7/13 15:48,5.98,31.82
2018/7/13 16:03,5.86,31.78
2018/7/13 16:18,6.35,31.25
2018/7/13 16:33,6.47,30.41
2018/7/13 16:48,6.22,29.75
2018/7/13 17:03,6.1,29.53
2018/7/13 17:18,6.47,28.46
2018/7/13 17:33,6.1,27.31
2018/7/13 17:48,6.35,26.37
2018/7/13 18:03,5.86,25.47
2018/7/13 18:18,6.22,24.66
2018/7/13 18:33,5.74,24.25
2018/7/13 18:48,6.47,23.93
2018/7/13 19:03,6.35,23.74
2018/7/13 19:18,6.22,23.37
2018/7/13 19:33,6.1,23.14
2018/7/13 19:48,5.98,22.86
2018/7/13 20:03,6.22,22.49
2018/7/13 20:18,6.1,22.44
2018/7/13 20:33,6.1,22.26
2018/7/13 20:48,5.86,22.12
2018/7/13 21:03,6.22,21.97
2018/7/13 21:18,6.22,21.83
2018/7/13 21:33,5.86,21.69
2018/7/13 21:48,6.35,21.6
2018/7/13 22:03,6.47,21.41
2018/7/13 22:18,6.22,21.36
2018/7/13 22:33,6.1,21.31
2018/7/13 22:48,6.47,21.26
2018/7/13 23:03,6.1,21.07
2018/7/13 23:18,5.98,21.12
2018/7/13 23:33,6.22,21.03
2018/7/13 23:48,5.86,20.98
2018/7/14 00:03,6.22,20.79
2018/7/14 00:18,5.98,20.79
2018/7/14 00:33,5.98,20.69
2018/7/14 00:48,5.98,20.74
2018/7/14 01:03,5.86,20.69
2018/7/14 01:18,5.98,20.59
2018/7/14 01:33,6.47,20.55
2018/7/14 01:48,6.35,20.5
2018/7/14 02:03,6.1,20.35
2018/7/14 02:18,5.98,20.26
2018/7/14 02:33,6.1,20.21
2018/7/14 02:48,5.86,20.16
2018/7/14 03:03,6.1,20.11
2018/7/14 03:18,5.86,20.3
2018/7/14 03:33,6.22,20.06
2018/7/14 03:48,5.86,19.87
2018/7/14 04:03,5.98,19.77
2018/7/14 04:18,5.98,19.67
2018/7/14 04:33,5.86,19.62
2018/7/14 04:48,5.98,19.53
2018/7/14 05:03,6.22,19.38
2018/7/14 05:18,6.22,19.18
2018/7/14 05:33,5.86,19.03
2018/7/14 05:48,6.22,19.13
2018/7/14 06:03,6.47,19.03
2018/7/14 06:18,6.22,19.38
2018/7/14 06:33,5.98,19.67
2018/7/14 06:48,5.86,19.92
2018/7/14 07:03,6.22,20.21
2018/7/14 07:18,5.86,20.35
2018/7/14 07:33,6.1,20.55
2018/7/14 07:48,6.22,21.17
2018/7/14 08:03,6.22,21.97
2018/7/14 08:18,6.22,22.4
2018/7/14 08:33,5.98,22.21
2018/7/14 08:48,6.1,22.82
2018/7/14 09:03,6.35,23.28
2018/7/14 09:18,5.98,23.7
2018/7/14 09:33,5.86,23.65
2018/7/14 09:48,6.35,25.16
2018/7/14 10:03,6.22,23.7
2018/7/14 10:18,6.1,32.84
2018/7/14 10:33,6.35,36.82
2018/7/14 10:48,6.1,38.55
2018/7/14 11:03,6.1,40.92
2018/7/14 11:18,6.1,40.53
2018/7/14 11:33,5.86,40.87
2018/7/14 11:48,6.35,35.18
2018/7/14 12:03,6.1,33.16
2018/7/14 12:18,6.1,40.43
2018/7/14 12:33,27.9,35.22
2018/7/14 12:48,26.5,29.08
2018/7/14 13:03,25.72,27.98
2018/7/14 13:18,24.72,26.69
2018/7/14 13:33,24.13,27.4
2018/7/14 13:48,23.68,27.44
2018/7/14 14:03,23.13,27.8
2018/7/14 14:18,22.34,27.58
2018/7/14 14:33,21.68,27.53
2018/7/14 14:48,21.4,26.95
2018/7/14 15:03,21.25,27
2018/7/14 15:18,21.22,26.28
2018/7/14 15:33,20.71,25.02
2018/7/14 15:48,37.09,22.96
2018/7/14 16:03,34.92,23
2018/7/14 16:18,33.71,24.98
2018/7/14 16:33,32.61,24.75
2018/7/14 16:48,31.85,25.25
2018/7/14 17:03,31.1,24.79
2018/7/14 17:18,30.23,25.25
2018/7/14 17:33,29.72,25.07
2018/7/14 17:48,28.99,24.2
2018/7/14 18:03,28.48,24.02
2018/7/14 18:18,27.86,23.6
2018/7/14 18:33,27.83,23.1
2018/7/14 18:48,27.1,22.82
2018/7/14 19:03,26.6,22.58
2018/7/14 19:18,26.34,22.4
2018/7/14 19:33,26.21,22.21
2018/7/14 19:48,25.6,21.93
2018/7/14 20:03,25.11,21.69
2018/7/14 20:18,24.73,21.6
2018/7/14 20:33,24.6,21.41
2018/7/14 20:48,35.32,20.26
2018/7/14 21:03,34.39,20.11
2018/7/14 21:18,33.45,20.01
2018/7/14 21:33,32.4,20.01
2018/7/14 21:48,31.33,19.87
2018/7/14 22:03,30.49,19.67
2018/7/14 22:18,30.23,19.77
2018/7/14 22:33,29.51,19.77
2018/7/14 22:48,29.03,19.82
2018/7/14 23:03,28.77,19.72
2018/7/14 23:18,28.06,19.43
2018/7/14 23:33,27.81,19.53
2018/7/14 23:48,27.45,19.38
2018/7/15 00:03,27.08,19.33
2018/7/15 00:18,26.84,19.33
2018/7/15 00:33,26.24,19.33
2018/7/15 00:48,25.87,19.43
2018/7/15 01:03,25.98,19.43
2018/7/15 01:18,25.39,19.43
2018/7/15 01:33,25.14,19.03
2018/7/15 01:48,25.25,19.48
2018/7/15 02:03,24.89,19.28
2018/7/15 02:18,24.65,18.93
2018/7/15 02:33,24.76,18.74
2018/7/15 02:48,24.27,18.29
2018/7/15 03:03,24.03,18.44
2018/7/15 03:18,24.38,18.34
2018/7/15 03:33,23.78,18.39
2018/7/15 03:48,23.89,18.29
2018/7/15 04:03,23.41,18.19
2018/7/15 04:18,23.52,17.98
2018/7/15 04:33,23.52,17.98
2018/7/15 04:48,23.39,17.98
2018/7/15 05:03,22.91,17.93
2018/7/15 05:18,23.02,17.68
2018/7/15 05:33,23.14,17.73
2018/7/15 05:48,22.77,17.58
2018/7/15 06:03,22.77,18.24
2018/7/15 06:18,22.65,18.49
2018/7/15 06:33,22.65,19.28
2018/7/15 06:48,22.52,20.01
2018/7/15 07:03,22.4,20.26
2018/7/15 07:18,22.04,20.45
2018/7/15 07:33,21.92,21.03
2018/7/15 07:48,22.04,22.07
2018/7/15 08:03,21.8,21.83
2018/7/15 08:18,21.92,21.88
2018/7/15 08:33,21.92,21.64
2018/7/15 08:48,21.55,22.3
2018/7/15 09:03,21.8,23.7
2018/7/15 09:18,21.67,24.43
2018/7/15 09:33,21.43,24.7
2018/7/15 09:48,21.68,26.15
2018/7/15 10:03,21.55,28.07
2018/7/15 10:18,21.44,36.41
2018/7/15 10:33,21.09,36.18
2018/7/15 10:48,20.71,30.67
2018/7/15 11:03,20.84,33.96
2018/7/15 11:18,20.72,30.63
2018/7/15 11:33,20.35,37.1
2018/7/15 11:48,20.47,29.17
2018/7/15 12:03,19.96,29.57
2018/7/15 12:18,19.95,29.53
2018/7/15 12:33,19.7,31.03
2018/7/15 12:48,19.81,26.82
2018/7/15 13:03,19.43,27.53
2018/7/15 13:18,19.3,28.38
2018/7/15 13:33,19.55,29.48
2018/7/15 13:48,19.29,28.91
2018/7/15 14:03,18.79,30.23
2018/7/15 14:18,18.79,29.66
2018/7/15 14:33,19.16,30.28
2018/7/15 14:48,18.91,29.83
2018/7/15 15:03,18.53,31.07
2018/7/15 15:18,18.65,29.48
2018/7/15 15:33,18.52,29.83
2018/7/15 15:48,18.02,28.91
2018/7/15 16:03,18.52,28.42
2018/7/15 16:18,18.26,26.91
2018/7/15 16:33,17.88,27.8
2018/7/15 16:48,18.01,26.55
2018/7/15 17:03,18,27.18
2018/7/15 17:18,18,27.13
2018/7/15 17:33,18.13,26.06
2018/7/15 17:48,17.75,25.61
2018/7/15 18:03,18,24.93
2018/7/15 18:18,17.49,24.52
2018/7/15 18:33,17.49,24.29
2018/7/15 18:48,17.99,24.06
2018/7/15 19:03,17.86,23.6
2018/7/15 19:18,17.73,23.28
2018/7/15 19:33,17.61,23.1
2018/7/15 19:48,17.86,22.91
2018/7/15 20:03,17.35,22.63
2018/7/15 20:18,17.73,22.58
2018/7/15 20:33,17.47,22.68
2018/7/15 20:48,17.6,22.72
2018/7/15 21:03,17.47,22.4
2018/7/15 21:18,17.6,22.26
2018/7/15 21:33,17.6,22.35
2018/7/15 21:48,17.34,22.26
2018/7/15 22:03,17.59,22.16
2018/7/15 22:18,17.72,21.97
2018/7/15 22:33,17.47,21.83
2018/7/15 22:48,17.09,21.74
2018/7/15 23:03,17.46,21.6
2018/7/15 23:18,17.59,21.55
2018/7/15 23:33,17.34,21.5
2018/7/15 23:48,17.46,21.55
2018/7/16 00:03,17.46,21.64
2018/7/16 00:18,17.46,21.5
2018/7/16 00:33,17.46,21.6
2018/7/16 00:48,17.21,21.69
2018/7/16 01:03,17.33,21.41
2018/7/16 01:18,17.58,21.45
2018/7/16 01:33,17.33,21.36
2018/7/16 01:48,17.33,21.12
2018/7/16 02:03,17.33,21.12
2018/7/16 02:18,17.33,21.03
2018/7/16 02:33,17.2,21.07
2018/7/16 02:48,17.58,21.07
2018/7/16 03:03,17.33,20.93
2018/7/16 03:18,17.2,20.83
2018/7/16 03:33,17.33,20.64
2018/7/16 03:48,17.07,20.59
2018/7/16 04:03,16.82,20.5
2018/7/16 04:18,17.2,20.55
2018/7/16 04:33,16.94,20.59
2018/7/16 04:48,16.94,20.45
2018/7/16 05:03,17.2,20.4
2018/7/16 05:18,17.2,20.26
2018/7/16 05:33,17.2,20.3
2018/7/16 05:48,17.2,20.45
2018/7/16 06:03,17.45,20.21
2018/7/16 06:18,17.07,20.45
2018/7/16 06:33,17.07,20.79
2018/7/16 06:48,17.07,20.74
2018/7/16 07:03,17.07,21.22
2018/7/16 07:18,16.69,21.26
2018/7/16 07:33,17.07,21.5
2018/7/16 07:48,17.07,21.64
2018/7/16 08:03,16.69,21.97
2018/7/16 08:18,16.56,22.72
2018/7/16 08:33,16.56,23.79
2018/7/16 08:48,16.81,24.29
2018/7/16 09:03,16.69,25.02
2018/7/16 09:18,16.94,24.89
2018/7/16 09:33,16.31,25.88
2018/7/16 09:48,16.56,28.11
2018/7/16 10:03,16.18,32.62
2018/7/16 10:18,16.06,42.36
2018/7/16 10:33,16.07,41.36
2018/7/16 10:48,15.95,43.75
2018/7/16 11:03,15.57,45.17
2018/7/16 11:18,15.45,46.3
2018/7/16 11:33,15.71,46.09
2018/7/16 11:48,15.45,41.96
2018/7/16 12:03,15.32,38.93
2018/7/16 12:18,15.19,46.2
2018/7/16 12:33,15.06,46.2
2018/7/16 12:48,14.8,36
2018/7/16 13:03,14.67,32.93
2018/7/16 13:18,14.79,32.31
2018/7/16 13:33,14.53,32.09
2018/7/16 13:48,14.4,32
2018/7/16 14:03,14.01,32.18
2018/7/16 14:18,14.27,32.09
2018/7/16 14:33,13.88,31.91
2018/7/16 14:48,14,31.51
2018/7/16 15:03,14.13,31.91
2018/7/16 15:18,13.49,31.29
2018/7/16 15:33,14,31.47
2018/7/16 15:48,13.74,31.16
2018/7/16 16:03,13.35,31.34
2018/7/16 16:18,13.61,30.59
2018/7/16 16:33,13.48,30.06
2018/7/16 16:48,13.35,28.77
2018/7/16 17:03,13.47,28.86
2018/7/16 17:18,13.34,28.15
2018/7/16 17:33,12.83,27.18
2018/7/16 17:48,13.34,25.97
2018/7/16 18:03,12.82,25.16
2018/7/16 18:18,13.08,24.75
2018/7/16 18:33,12.82,24.29
2018/7/16 18:48,12.95,24.16
2018/7/16 19:03,13.08,23.88
2018/7/16 19:18,13.33,23.51
2018/7/16 19:33,12.69,23.14
2018/7/16 19:48,12.94,22.82
2018/7/16 20:03,12.68,22.49
2018/7/16 20:18,13.07,22.35
2018/7/16 20:33,12.94,22.12
2018/7/16 20:48,12.68,21.97
2018/7/16 21:03,12.94,21.93
2018/7/16 21:18,12.55,21.93
2018/7/16 21:33,12.68,21.83
2018/7/16 21:48,12.94,21.79
2018/7/16 22:03,12.68,21.69
2018/7/16 22:18,12.55,21.74
2018/7/16 22:33,12.8,21.6
2018/7/16 22:48,12.8,21.6
2018/7/16 23:03,12.67,21.41
2018/7/16 23:18,12.8,21.36
2018/7/16 23:33,12.8,21.22
2018/7/16 23:48,12.67,21.17
2018/7/17 00:03,12.93,21.22
2018/7/17 00:18,12.93,21.12
2018/7/17 00:33,12.54,21.07
2018/7/17 00:48,12.54,20.93
2018/7/17 01:03,12.67,20.93
2018/7/17 01:18,12.8,20.88
2018/7/17 01:33,12.54,20.88
2018/7/17 01:48,12.93,20.83
2018/7/17 02:03,13.06,20.83
2018/7/17 02:18,12.54,20.69
2018/7/17 02:33,13.06,20.69
2018/7/17 02:48,13.06,20.74
2018/7/17 03:03,12.41,20.64
2018/7/17 03:18,12.67,20.59
2018/7/17 03:33,13.05,20.5
2018/7/17 03:48,13.05,20.45
2018/7/17 04:03,13.05,20.45
2018/7/17 04:18,12.41,20.3
2018/7/17 04:33,12.8,20.16
2018/7/17 04:48,12.67,20.01
2018/7/17 05:03,12.67,19.96
2018/7/17 05:18,12.67,19.92
2018/7/17 05:33,12.28,19.92
2018/7/17 05:48,12.54,19.92
2018/7/17 06:03,12.79,20.06
2018/7/17 06:18,12.66,20.26
2018/7/17 06:33,12.53,20.55
2018/7/17 06:48,12.41,20.83
2018/7/17 07:03,12.4,21.17
2018/7/17 07:18,12.79,21.5
2018/7/17 07:33,12.28,21.93
2018/7/17 07:48,12.79,22.16
2018/7/17 08:03,12.53,22.54
2018/7/17 08:18,12.15,22.86
2018/7/17 08:33,41.28,21.17
2018/7/17 08:48,36.94,21.64
2018/7/17 09:03,35.03,22.54
2018/7/17 09:18,33.48,23.14
2018/7/17 09:33,32.3,24.89
2018/7/17 09:48,31.35,26.86
2018/7/17 10:03,30.87,30.06
2018/7/17 10:18,30.06,41.76
2018/7/17 10:33,29.01,42.82
2018/7/17 10:48,28.07,46.74
2018/7/17 11:03,27.36,48.49
2018/7/17 11:18,26.65,49.47
2018/7/17 11:33,25.69,48.95
2018/7/17 11:48,25.09,41.07
2018/7/17 12:03,24.24,41.41
2018/7/17 12:18,23.98,47.08
2018/7/17 12:33,23.38,47.97
2018/7/17 12:48,23,36.36
2018/7/17 13:03,22.38,33.07
2018/7/17 13:18,22.37,32.53
2018/7/17 13:33,21.87,31.96
2018/7/17 13:48,21.99,32.31
2018/7/17 14:03,21.37,32.49
2018/7/17 14:18,21.12,32.8
2018/7/17 14:33,21.11,32.8
2018/7/17 14:48,20.49,32.53
2018/7/17 15:03,20.74,33.29
2018/7/17 15:18,20.12,32.62
2018/7/17 15:33,20.11,32.04
2018/7/17 15:48,20.35,32
2018/7/17 16:03,19.86,31.38
2018/7/17 16:18,19.85,30.67
2018/7/17 16:33,19.35,30.23
2018/7/17 16:48,19.23,29.79
2018/7/17 17:03,19.6,28.86
2018/7/17 17:18,18.97,28.33
2018/7/17 17:33,18.97,27.27
2018/7/17 17:48,19.09,26.24
2018/7/17 18:03,18.71,25.29
2018/7/17 18:18,18.84,24.29
2018/7/17 18:33,18.96,23.83
2018/7/17 18:48,18.95,23.47
2018/7/17 19:03,18.58,23.37
2018/7/17 19:18,18.83,22.96
2018/7/17 19:33,19.07,22.72
2018/7/17 19:48,18.57,22.44
2018/7/17 20:03,18.95,22.16
2018/7/17 20:18,18.82,22.07
2018/7/17 20:33,18.82,21.88
2018/7/17 20:48,18.94,21.79
2018/7/17 21:03,18.44,21.69
2018/7/17 21:18,18.31,21.69
2018/7/17 21:33,18.81,21.55
2018/7/17 21:48,18.81,21.41
2018/7/17 22:03,18.44,21.31
2018/7/17 22:18,18.56,21.22
2018/7/17 22:33,18.56,21.07
2018/7/17 22:48,18.18,20.98
2018/7/17 23:03,18.31,20.88
2018/7/17 23:18,18.31,20.79
2018/7/17 23:33,18.05,20.59
2018/7/17 23:48,18.3,20.45
2018/7/18 00:03,18.05,20.4
2018/7/18 00:18,18.43,20.35
2018/7/18 00:33,18.18,20.26
2018/7/18 00:48,18.43,20.16
2018/7/18 01:03,18.3,20.11
2018/7/18 01:18,18.55,20.06
2018/7/18 01:33,18.3,20.01
2018/7/18 01:48,18.3,20.01
2018/7/18 02:03,18.05,19.96
2018/7/18 02:18,18.55,19.87
2018/7/18 02:33,18.05,19.92
2018/7/18 02:48,18.3,19.82
2018/7/18 03:03,18.42,19.77
2018/7/18 03:18,18.05,19.67
2018/7/18 03:33,17.79,19.62
2018/7/18 03:48,17.92,19.72
2018/7/18 04:03,17.92,19.72
2018/7/18 04:18,17.92,19.57
2018/7/18 04:33,18.04,19.53
2018/7/18 04:48,17.67,19.43
2018/7/18 05:03,17.79,19.43
2018/7/18 05:18,18.04,19.43
2018/7/18 05:33,17.79,19.48
2018/7/18 05:48,17.67,19.48
2018/7/18 06:03,17.66,19.57
2018/7/18 06:18,17.79,19.67
2018/7/18 06:33,17.54,19.92
2018/7/18 06:48,17.66,20.16
2018/7/18 07:03,17.92,20.45
2018/7/18 07:18,17.79,20.59
2018/7/18 07:33,17.79,20.83
2018/7/18 07:48,17.66,21.12
2018/7/18 08:03,17.41,21.36
2018/7/18 08:18,17.66,21.69
2018/7/18 08:33,17.66,21.97
2018/7/18 08:48,17.54,22.4
2018/7/18 09:03,17.54,23.1
2018/7/18 09:18,17.54,24.02
2018/7/18 09:33,17.03,25.29
2018/7/18 09:48,17.04,27.53
2018/7/18 10:03,17.29,30.67
2018/7/18 10:18,16.66,42.16
2018/7/18 10:33,16.55,42.57
2018/7/18 10:48,16.43,47.69
2018/7/18 11:03,16.69,48.43
2018/7/18 11:18,15.93,49.3
2018/7/18 11:33,15.67,48.66
2018/7/18 11:48,15.67,40.14
2018/7/18 12:03,15.67,39.75
2018/7/18 12:18,15.29,45.65
2018/7/18 12:33,15.29,45.33
2018/7/18 12:48,15.16,34.27
2018/7/18 13:03,14.77,31.91
2018/7/18 13:18,15.02,31.91
2018/7/18 13:33,14.89,31.69
2018/7/18 13:48,14.88,31.56
2018/7/18 14:03,14.62,31.43
2018/7/18 14:18,14.37,30.94
2018/7/18 14:33,14.11,31.12
2018/7/18 14:48,14.36,31.56
2018/7/18 15:03,14.23,30.85
2018/7/18 15:18,14.23,31.25
2018/7/18 15:33,14.1,31.43
2018/7/18 15:48,13.84,30.59
2018/7/18 16:03,13.97,30.45
2018/7/18 16:18,13.45,30.01
2018/7/18 16:33,13.58,29.39
2018/7/18 16:48,13.58,28.82
2018/7/18 17:03,13.32,28.02
2018/7/18 17:18,13.45,26.91
2018/7/18 17:33,13.57,25.88
2018/7/18 17:48,13.19,25.07
2018/7/18 18:03,13.44,24.25
2018/7/18 18:18,12.92,23.74
2018/7/18 18:33,12.92,23.28
2018/7/18 18:48,13.05,23.1
2018/7/18 19:03,13.31,22.77
2018/7/18 19:18,13.05,22.49
2018/7/18 19:33,12.92,22.16
2018/7/18 19:48,13.18,21.88
2018/7/18 20:03,13.17,21.69
2018/7/18 20:18,13.43,21.36
2018/7/18 20:33,13.17,21.26
2018/7/18 20:48,12.79,21.12
2018/7/18 21:03,13.04,20.93
2018/7/18 21:18,13.3,20.74
2018/7/18 21:33,12.78,20.64
2018/7/18 21:48,13.43,20.74
2018/7/18 22:03,12.91,20.55
2018/7/18 22:18,13.04,20.4
2018/7/18 22:33,12.78,20.35
2018/7/18 22:48,13.17,20.35
2018/7/18 23:03,12.78,20.3
2018/7/18 23:18,13.04,20.26
2018/7/18 23:33,13.17,20.3
2018/7/18 23:48,12.91,20.26
2018/7/19 00:03,12.91,20.21
2018/7/19 00:18,12.65,19.96
2018/7/19 00:33,12.65,20.06
2018/7/19 00:48,13.29,20.06
2018/7/19 01:03,13.04,20.11
2018/7/19 01:18,12.65,19.87
2018/7/19 01:33,13.04,19.82
2018/7/19 01:48,13.04,19.62
2018/7/19 02:03,12.78,19.57
2018/7/19 02:18,12.78,19.43
2018/7/19 02:33,13.16,19.48
2018/7/19 02:48,13.16,19.33
2018/7/19 03:03,12.91,19.33
2018/7/19 03:18,13.03,19.28
2018/7/19 03:33,12.78,19.23
2018/7/19 03:48,12.78,19.13
2018/7/19 04:03,12.9,19.08
2018/7/19 04:18,13.03,19.13
2018/7/19 04:33,12.65,19.03
2018/7/19 04:48,13.16,18.93
2018/7/19 05:03,12.77,18.88
2018/7/19 05:18,13.03,18.69
2018/7/19 05:33,12.9,18.78
2018/7/19 05:48,13.03,18.93
2018/7/19 06:03,12.64,18.88
2018/7/19 06:18,12.51,19.03
2018/7/19 06:33,12.64,19.18
2018/7/19 06:48,12.77,19.62
2018/7/19 07:03,12.9,20.06
2018/7/19 07:18,13.03,20.45
2018/7/19 07:33,12.51,20.74
2018/7/19 07:48,12.51,21.03
2018/7/19 08:03,12.9,21.31
2018/7/19 08:18,12.39,21.69
2018/7/19 08:33,12.64,22.07
2018/7/19 08:48,12.39,22.68
2018/7/19 09:03,12.51,23.47
2018/7/19 09:18,12.51,24.25
2018/7/19 09:33,12.64,25.74
2018/7/19 09:48,12,27.62
2018/7/19 10:03,12,30.76
2018/7/19 10:18,12.38,41.21
2018/7/19 10:33,12.11,43.59
2018/7/19 10:48,11.59,48.83
2018/7/19 11:03,11.71,47.97
2018/7/19 11:18,11.31,47.47
2018/7/19 11:33,11.05,48.09
2018/7/19 11:48,11.18,40.43
2018/7/19 12:03,11.06,40.09
2018/7/19 12:18,11.19,45.55
2018/7/19 12:33,10.8,44.01
2018/7/19 12:48,10.68,34.1
2018/7/19 13:03,11.07,32.4
2018/7/19 13:18,10.94,32.44
2018/7/19 13:33,10.82,31.65
2018/7/19 13:48,11.07,32
2018/7/19 14:03,10.56,31.65
2018/7/19 14:18,10.69,31.25
2018/7/19 14:33,10.43,31.51
2018/7/19 14:48,10.69,31.25
2018/7/19 15:03,10.17,31.51
2018/7/19 15:18,10.17,31.34
2018/7/19 15:33,9.91,31.25
2018/7/19 15:48,10.3,30.76
2018/7/19 16:03,10.04,29.83
2018/7/19 16:18,9.91,29.35
2018/7/19 16:33,10.29,29.57
2018/7/19 16:48,10.29,28.91
2018/7/19 17:03,10.17,28.51
2018/7/19 17:18,10.04,27.62
2018/7/19 17:33,10.17,26.46
2018/7/19 17:48,10.04,25.47
2018/7/19 18:03,9.91,24.75
2018/7/19 18:18,10.04,24.29
2018/7/19 18:33,9.66,23.93
2018/7/19 18:48,9.91,23.6
2018/7/19 19:03,10.04,23.1
2018/7/19 19:18,9.66,22.86
2018/7/19 19:33,10.04,22.63
2018/7/19 19:48,9.79,22.3
2018/7/19 20:03,10.17,21.93
2018/7/19 20:18,9.91,21.83
2018/7/19 20:33,9.79,21.83
2018/7/19 20:48,10.17,21.74
2018/7/19 21:03,9.66,21.6
2018/7/19 21:18,9.78,21.45
2018/7/19 21:33,9.91,21.31
2018/7/19 21:48,9.91,21.26
2018/7/19 22:03,9.91,21.26
2018/7/19 22:18,10.04,21.26
2018/7/19 22:33,9.91,21.22
2018/7/19 22:48,9.78,21.12
2018/7/19 23:03,9.91,21.17
2018/7/19 23:18,9.78,21.07
2018/7/19 23:33,9.91,21.12
2018/7/19 23:48,9.91,21.22
2018/7/20 00:03,9.91,21.22
2018/7/20 00:18,10.04,21.22
2018/7/20 00:33,9.27,21.26
2018/7/20 00:48,9.4,21.31
2018/7/20 01:03,9.65,21.17
2018/7/20 01:18,9.78,21.03
2018/7/20 01:33,9.78,21.03
2018/7/20 01:48,9.78,20.93
2018/7/20 02:03,9.78,20.88
2018/7/20 02:18,9.27,20.93
2018/7/20 02:33,9.65,20.83
2018/7/20 02:48,9.91,20.74
2018/7/20 03:03,9.91,20.83
2018/7/20 03:18,9.91,21.17
2018/7/20 03:33,9.52,21.36
2018/7/20 03:48,9.4,21.41
2018/7/20 04:03,9.65,21.45
2018/7/20 04:18,9.65,21.41
2018/7/20 04:33,9.52,21.45
2018/7/20 04:48,9.27,21.36
2018/7/20 05:03,9.52,21.41
2018/7/20 05:18,9.52,21.45
2018/7/20 05:33,9.52,21.45
2018/7/20 05:48,9.52,21.5
2018/7/20 06:03,9.39,21.55
2018/7/20 06:18,9.27,21.79
2018/7/20 06:33,9.52,22.02
2018/7/20 06:48,9.39,22.35
2018/7/20 07:03,9.39,22.49
2018/7/20 07:18,9.26,22.86
2018/7/20 07:33,9.39,23.6
2018/7/20 07:48,9.14,23.42
2018/7/20 08:03,9.39,23.33
2018/7/20 08:18,9.14,23.24
2018/7/20 08:33,9.26,23.47
2018/7/20 08:48,9.39,23.97
2018/7/20 09:03,8.88,24.48
2018/7/20 09:18,9.52,25.2
2018/7/20 09:33,9.26,26.19
2018/7/20 09:48,9.13,28.07
2018/7/20 10:03,9.13,31.12
2018/7/20 10:18,8.86,40.87
2018/7/20 10:33,9.1,42.06
2018/7/20 10:48,8.84,47.58
2018/7/20 11:03,8.84,48.32
2018/7/20 11:18,8.59,50
2018/7/20 11:33,8.72,49.53
2018/7/20 11:48,8.84,39.85
2018/7/20 12:03,8.72,38.27
2018/7/20 12:18,8.34,41.56
2018/7/20 12:33,8.46,44.43
2018/7/20 12:48,8.21,34.91
2018/7/20 13:03,8.34,32.22
2018/7/20 13:18,8.34,31.29
2018/7/20 13:33,8.09,31.12
2018/7/20 13:48,8.47,31.43
2018/7/20 14:03,8.09,31.47
2018/7/20 14:18,7.97,31.51
2018/7/20 14:33,8.35,31.51
2018/7/20 14:48,7.84,32.04
2018/7/20 15:03,7.84,31.96
2018/7/20 15:18,7.84,32.04
2018/7/20 15:33,8.09,32.18
2018/7/20 15:48,7.71,31.69
2018/7/20 16:03,8.21,31.51
2018/7/20 16:18,7.96,30.81
2018/7/20 16:33,8.21,30.14
2018/7/20 16:48,7.71,29.39
2018/7/20 17:03,8.09,29.04
2018/7/20 17:18,7.71,28.15
2018/7/20 17:33,7.84,27.13
2018/7/20 17:48,7.71,25.74
2018/7/20 18:03,7.84,25.2
2018/7/20 18:18,7.97,24.25
2018/7/20 18:33,7.47,23.88
2018/7/20 18:48,7.72,23.6
2018/7/20 19:03,7.97,23.24
2018/7/20 19:18,7.97,22.72
2018/7/20 19:33,7.47,22.35
2018/7/20 19:48,7.59,22.02
2018/7/20 20:03,7.97,21.88
2018/7/20 20:18,7.6,21.64
2018/7/20 20:33,7.47,21.6
2018/7/20 20:48,7.6,21.55
2018/7/20 21:03,7.85,21.36
2018/7/20 21:18,7.35,21.22
2018/7/20 21:33,7.72,21.07
2018/7/20 21:48,7.6,21.03
2018/7/20 22:03,7.72,20.93
2018/7/20 22:18,7.97,20.83
2018/7/20 22:33,7.47,20.79
2018/7/20 22:48,7.97,20.69
2018/7/20 23:03,7.35,20.64
2018/7/20 23:18,7.6,20.45
2018/7/20 23:33,7.47,20.5
2018/7/20 23:48,7.97,20.35
2018/7/21 00:03,7.72,20.3
2018/7/21 00:18,7.35,20.21
2018/7/21 00:33,7.59,20.06
2018/7/21 00:48,7.22,20.06
2018/7/21 01:03,7.97,19.92
2018/7/21 01:18,7.85,19.92
2018/7/21 01:33,7.59,19.96
2018/7/21 01:48,7.85,19.92
2018/7/21 02:03,7.72,19.82
2018/7/21 02:18,7.72,19.77
2018/7/21 02:33,7.34,19.67
2018/7/21 02:48,7.22,19.62
2018/7/21 03:03,7.59,19.67
2018/7/21 03:18,7.34,19.53
2018/7/21 03:33,7.47,19.53
2018/7/21 03:48,7.34,19.43
2018/7/21 04:03,7.59,19.53
2018/7/21 04:18,7.59,19.38
2018/7/21 04:33,7.59,19.33
2018/7/21 04:48,7.59,19.23
2018/7/21 05:03,7.34,19.23
2018/7/21 05:18,7.84,19.13
2018/7/21 05:33,7.59,19.33
2018/7/21 05:48,7.47,19.43
2018/7/21 06:03,7.47,19.57
2018/7/21 06:18,7.59,19.77
2018/7/21 06:33,7.22,19.96
2018/7/21 06:48,7.34,20.21
2018/7/21 07:03,7.72,20.5
2018/7/21 07:18,7.59,20.79
2018/7/21 07:33,7.09,21.07
2018/7/21 07:48,7.84,21.31
2018/7/21 08:03,7.59,21.6
2018/7/21 08:18,7.46,21.88
2018/7/21 08:33,7.09,22.26
2018/7/21 08:48,7.34,22.86
2018/7/21 09:03,7.21,23.56
2018/7/21 09:18,7.21,24.66
2018/7/21 09:33,7.58,25.7
2018/7/21 09:48,7.46,27.44
2018/7/21 10:03,7.09,30.23
2018/7/21 10:18,7.21,40.38
2018/7/21 10:33,7.09,41.81
2018/7/21 10:48,7.33,47.58
2018/7/21 11:03,6.96,49.94
2018/7/21 11:18,7.33,51.44
2018/7/21 11:33,7.33,51.2
2018/7/21 11:48,7.09,43.18
2018/7/21 12:03,6.84,39.8
2018/7/21 12:18,7.33,44.59
2018/7/21 12:33,7.33,47.47
2018/7/21 12:48,6.71,36
2018/7/21 13:03,6.84,33.83
2018/7/21 13:18,7.09,32.36
2018/7/21 13:33,6.84,32.49
2018/7/21 13:48,7.21,32.18
2018/7/21 14:03,6.96,31.87
2018/7/21 14:18,6.96,32.31
2018/7/21 14:33,6.71,32.58
2018/7/21 14:48,6.84,33.02
2018/7/21 15:03,6.71,32.31
2018/7/21 15:18,6.71,32.27
2018/7/21 15:33,6.84,31.96
2018/7/21 15:48,6.47,31.2
2018/7/21 16:03,6.71,31.12
2018/7/21 16:18,6.84,31.12
2018/7/21 16:33,6.84,30.41
2018/7/21 16:48,6.71,30.01
2018/7/21 17:03,7.09,29.22
2018/7/21 17:18,6.84,28.6
2018/7/21 17:33,6.35,27.84
2018/7/21 17:48,6.59,26.69
2018/7/21 18:03,6.96,25.61
2018/7/21 18:18,6.59,24.89
2018/7/21 18:33,6.59,24.84
2018/7/21 18:48,6.84,24.61
2018/7/21 19:03,6.35,24.11
2018/7/21 19:18,6.71,23.7
2018/7/21 19:33,6.71,23.33
2018/7/21 19:48,6.71,23
2018/7/21 20:03,6.35,22.58
2018/7/21 20:18,6.96,22.44
2018/7/21 20:33,6.59,22.21
2018/7/21 20:48,6.47,21.93
2018/7/21 21:03,6.84,22.12
2018/7/21 21:18,6.96,21.93
2018/7/21 21:33,6.59,21.97
2018/7/21 21:48,6.84,21.69
2018/7/21 22:03,6.84,21.55
2018/7/21 22:18,6.71,21.45
2018/7/21 22:33,6.71,21.31
2018/7/21 22:48,6.71,21.31
2018/7/21 23:03,6.96,21.12
2018/7/21 23:18,6.47,21.12
2018/7/21 23:33,6.84,21.03
2018/7/21 23:48,6.22,21.07
2018/7/22 00:03,6.84,21.17
2018/7/22 00:18,6.96,21.03
2018/7/22 00:33,6.96,20.93
2018/7/22 00:48,6.47,20.79
2018/7/22 01:03,6.96,20.74
2018/7/22 01:18,6.84,20.74
2018/7/22 01:33,6.22,20.59
2018/7/22 01:48,6.96,20.5
2018/7/22 02:03,6.71,20.45
2018/7/22 02:18,6.59,20.26
2018/7/22 02:33,6.59,20.26
2018/7/22 02:48,6.71,20.21
2018/7/22 03:03,6.47,20.16
2018/7/22 03:18,6.84,20.06
2018/7/22 03:33,6.59,20.11
2018/7/22 03:48,6.84,20.11
2018/7/22 04:03,6.71,20.06
2018/7/22 04:18,6.59,20.06
2018/7/22 04:33,6.96,19.96
2018/7/22 04:48,6.71,19.96
2018/7/22 05:03,6.84,19.87
2018/7/22 05:18,6.47,19.87
2018/7/22 05:33,6.71,20.01
2018/7/22 05:48,6.59,20.11
2018/7/22 06:03,6.35,20.26
2018/7/22 06:18,6.35,20.55
2018/7/22 06:33,6.47,20.79
2018/7/22 06:48,6.35,20.98
2018/7/22 07:03,6.35,21.12
2018/7/22 07:18,6.35,21.36
2018/7/22 07:33,6.47,21.6
2018/7/22 07:48,6.47,21.83
2018/7/22 08:03,6.22,22.07
2018/7/22 08:18,6.59,22.4
2018/7/22 08:33,6.47,22.72
2018/7/22 08:48,6.59,23.28
2018/7/22 09:03,6.59,23.88
2018/7/22 09:18,6.35,24.75
2018/7/22 09:33,6.59,26.15
2018/7/22 09:48,6.59,27.98
2018/7/22 10:03,6.71,31.2
2018/7/22 10:18,6.71,41.71
2018/7/22 10:33,6.59,42.67
2018/7/22 10:48,6.22,49.3
2018/7/22 11:03,6.1,51.68
2018/7/22 11:18,6.1,50.06
2018/7/22 11:33,6.47,49.12
2018/7/22 11:48,6.47,42.11
2018/7/22 12:03,6.59,36.69
2018/7/22 12:18,6.1,41.46
2018/7/22 12:33,6.35,44.22
2018/7/22 12:48,6.35,34.45
2018/7/22 13:03,6.22,31.73
2018/7/22 13:18,6.59,31.87
2018/7/22 13:33,5.98,32.09
2018/7/22 13:48,6.22,32.27
2018/7/22 14:03,6.22,32.22
2018/7/22 14:18,6.59,32.31
2018/7/22 14:33,6.35,31.73
2018/7/22 14:48,6.59,32.04
2018/7/22 15:03,6.47,31.29
2018/7/22 15:18,6.1,32.22
2018/7/22 15:33,6.22,31.29
2018/7/22 15:48,5.98,31.25
2018/7/22 16:03,6.35,30.76
2018/7/22 16:18,6.22,30.85
2018/7/22 16:33,6.35,28.46
2018/7/22 16:48,6.35,27.31
2018/7/22 17:03,6.71,27.13
2018/7/22 17:18,6.35,26.46
2018/7/22 17:33,6.59,25.88
2018/7/22 17:48,6.22,24.61
2018/7/22 18:03,6.71,23.93
2018/7/22 18:18,6.59,23.37
2018/7/22 18:33,6.59,23.24
2018/7/22 18:48,6.84,22.91
2018/7/22 19:03,6.59,22.68
2018/7/22 19:18,6.35,22.35
2018/7/22 19:33,6.84,22.21
2018/7/22 19:48,6.35,21.93
2018/7/22 20:03,6.47,21.79
2018/7/22 20:18,6.71,21.64
2018/7/22 20:33,6.47,21.45
2018/7/22 20:48,6.35,21.36
2018/7/22 21:03,6.71,21.31
2018/7/22 21:18,6.71,21.31
2018/7/22 21:33,6.71,21.31
2018/7/22 21:48,6.71,21.26
2018/7/22 22:03,6.84,21.12
2018/7/22 22:18,6.71,21.07
2018/7/22 22:33,6.84,21.07
2018/7/22 22:48,6.96,21.22
2018/7/22 23:03,6.71,21.07
2018/7/22 23:18,6.71,21.03
2018/7/22 23:33,6.71,20.88
2018/7/22 23:48,6.84,20.79
2018/7/23 00:03,6.84,20.74
2018/7/23 00:18,6.35,20.64
2018/7/23 00:33,6.96,20.64
2018/7/23 00:48,6.96,20.55
2018/7/23 01:03,6.71,20.45
2018/7/23 01:18,6.84,20.35
2018/7/23 01:33,7.09,20.4
2018/7/23 01:48,6.96,20.35
2018/7/23 02:03,6.96,20.26
2018/7/23 02:18,6.84,20.21
2018/7/23 02:33,6.84,20.11
2018/7/23 02:48,6.47,20.16
2018/7/23 03:03,6.96,20.16
2018/7/23 03:18,6.84,20.16
2018/7/23 03:33,6.84,20.01
2018/7/23 03:48,6.71,19.96
2018/7/23 04:03,6.96,19.92
2018/7/23 04:18,6.84,19.87
2018/7/23 04:33,6.59,19.82
2018/7/23 04:48,6.59,19.87
2018/7/23 05:03,6.84,19.72
2018/7/23 05:18,7.21,19.82
2018/7/23 05:33,6.84,19.72
2018/7/23 05:48,6.96,19.72
2018/7/23 06:03,6.96,19.87
2018/7/23 06:18,6.84,19.96
2018/7/23 06:33,7.09,20.11
2018/7/23 06:48,7.09,20.3
2018/7/23 07:03,6.71,20.64
2018/7/23 07:18,6.71,20.98
2018/7/23 07:33,6.84,21.26
2018/7/23 07:48,6.96,21.6
2018/7/23 08:03,6.96,21.88
2018/7/23 08:18,6.96,22.3
2018/7/23 08:33,6.71,22.68
2018/7/23 08:48,7.21,23.28
2018/7/23 09:03,7.21,23.97
2018/7/23 09:18,6.59,24.84
2018/7/23 09:33,6.71,26.06
2018/7/23 09:48,6.84,27.93
2018/7/23 10:03,6.47,30.81
2018/7/23 10:18,6.96,41.07
2018/7/23 10:33,6.84,42.36
2018/7/23 10:48,6.84,48.72
2018/7/23 11:03,6.71,50.36
2018/7/23 11:18,7.09,51.02
2018/7/23 11:33,7.09,51.56
2018/7/23 11:48,6.84,45.06
2018/7/23 12:03,7.09,39.27
2018/7/23 12:18,6.84,43.28
2018/7/23 12:33,6.71,47.08
2018/7/23 12:48,7.09,36.78
2018/7/23 13:03,6.84,34.32
2018/7/23 13:18,6.96,33.42
2018/7/23 13:33,6.84,32.31
2018/7/23 13:48,7.09,32.13
2018/7/23 14:03,6.84,32.71
2018/7/23 14:18,6.71,32.84
2018/7/23 14:33,6.96,32.44
2018/7/23 14:48,6.84,32.18
2018/7/23 15:03,6.96,32.67
2018/7/23 15:18,6.96,32.67
2018/7/23 15:33,6.96,32.31
2018/7/23 15:48,6.84,32.22
2018/7/23 16:03,6.47,31.87
2018/7/23 16:18,6.71,31.12
2018/7/23 16:33,6.59,30.81
2018/7/23 16:48,7.09,29.97
2018/7/23 17:03,6.59,29.17
2018/7/23 17:18,6.84,28.42
2018/7/23 17:33,6.47,27.13
2018/7/23 17:48,6.84,25.79
2018/7/23 18:03,6.59,25.2
2018/7/23 18:18,6.96,24.48
2018/7/23 18:33,6.96,24.2
2018/7/23 18:48,6.59,23.74
2018/7/23 19:03,6.84,23.47
2018/7/23 19:18,6.59,23.33
2018/7/23 19:33,6.59,23
2018/7/23 19:48,6.47,22.68
2018/7/23 20:03,6.59,22.49
2018/7/23 20:18,6.84,22.3
2018/7/23 20:33,6.84,22.21
2018/7/23 20:48,6.96,21.97
2018/7/23 21:03,6.71,21.79
2018/7/23 21:18,6.96,21.69
2018/7/23 21:33,6.84,21.69
2018/7/23 21:48,6.59,21.55
2018/7/23 22:03,7.09,21.45
2018/7/23 22:18,6.59,21.41
2018/7/23 22:33,6.84,21.17
2018/7/23 22:48,6.59,21.22
2018/7/23 23:03,6.47,21.12
2018/7/23 23:18,7.09,21.07
2018/7/23 23:33,6.84,21.07
2018/7/23 23:48,6.84,21.12
2018/7/24 00:03,6.47,21.03
2018/7/24 00:18,6.84,20.83
2018/7/24 00:33,6.47,20.88
2018/7/24 00:48,6.84,20.74
2018/7/24 01:03,6.59,20.74
2018/7/24 01:18,6.71,20.69
2018/7/24 01:33,6.84,20.74
2018/7/24 01:48,6.47,20.64
2018/7/24 02:03,6.96,20.74
2018/7/24 02:18,6.96,20.79
2018/7/24 02:33,7.09,20.64
2018/7/24 02:48,6.59,20.59
2018/7/24 03:03,6.84,20.59
2018/7/24 03:18,7.21,20.35
2018/7/24 03:33,6.84,20.3
2018/7/24 03:48,7.09,20.26
2018/7/24 04:03,6.84,20.06
2018/7/24 04:18,6.71,20.06
2018/7/24 04:33,7.09,19.96
2018/7/24 04:48,6.96,20.11
2018/7/24 05:03,6.71,19.92
2018/7/24 05:18,6.96,20.01
2018/7/24 05:33,6.84,20.01
2018/7/24 05:48,7.21,20.01
2018/7/24 06:03,6.71,20.06
2018/7/24 06:18,6.71,20.3
2018/7/24 06:33,7.09,20.59
2018/7/24 06:48,6.84,20.88
2018/7/24 07:03,6.96,21.31
2018/7/24 07:17,23.61,21.6
2018/7/24 07:32,20.97,21.69
2018/7/24 07:47,20.58,20.98
2018/7/24 08:02,20.44,21.07
2018/7/24 08:17,20.55,21.31
2018/7/24 08:32,20.29,22.35
2018/7/24 08:47,20.54,22.44
2018/7/24 09:02,20.28,23.14
2018/7/24 09:17,20.16,23.97
2018/7/24 09:32,20.03,25.29
2018/7/24 09:47,20.15,27.31
2018/7/24 10:02,19.78,30.14
2018/7/24 10:17,20.96,39.89
2018/7/24 10:32,21.76,41.71
2018/7/24 10:47,21.39,47.52
2018/7/24 11:02,21.02,48.37
2018/7/24 11:17,20.65,48.37
2018/7/24 11:32,20.64,48.26
2018/7/24 11:47,19.88,42.52
2018/7/24 12:02,19.86,38.41
2018/7/24 12:17,19.34,42.47
2018/7/24 12:32,19.45,44.64
2018/7/24 12:47,19.19,35.09
2018/7/24 13:02,19.18,33.07
2018/7/24 13:17,19.29,32.44
2018/7/24 13:32,18.91,31.91
2018/7/24 13:47,18.53,32.13
2018/7/24 14:02,18.9,32.31
2018/7/24 14:17,18.39,32.36
2018/7/24 14:32,18.13,32.04
2018/7/24 14:47,18.51,32.22
2018/7/24 15:02,18.13,32.31
2018/7/24 15:17,18.12,32.44
2018/7/24 15:32,18.12,32.31
2018/7/24 15:47,17.74,31.38
2018/7/24 16:02,17.73,31.07
2018/7/24 16:17,17.98,30.76
2018/7/24 16:32,17.35,30.1
2018/7/24 16:47,17.6,29.44
2018/7/24 17:02,17.47,28.46
2018/7/24 17:17,17.72,27.84
2018/7/24 17:32,17.59,26.95
2018/7/24 17:47,17.08,25.7
2018/7/24 18:02,17.2,25.16
2018/7/24 18:17,17.07,24.66
2018/7/24 18:32,17.45,24.38
2018/7/24 18:47,17.32,24.06
2018/7/24 19:02,17.19,23.7
2018/7/24 19:17,17.06,23.42
2018/7/24 19:32,17.19,23.24
2018/7/24 19:47,16.68,22.91
2018/7/24 20:02,17.06,22.58
2018/7/24 20:17,16.68,22.49
2018/7/24 20:32,16.67,22.35
2018/7/24 20:47,16.93,22.21
2018/7/24 21:02,16.8,22.26
2018/7/24 21:17,16.54,22.16
2018/7/24 21:32,17.05,22.12
2018/7/24 21:47,16.41,21.97
2018/7/24 22:02,16.54,21.93
2018/7/24 22:17,16.92,21.93
2018/7/24 22:32,16.67,21.83
2018/7/24 22:47,16.92,21.74
2018/7/24 23:02,16.79,21.74
2018/7/24 23:17,16.92,21.74
2018/7/24 23:32,16.54,21.64
2018/7/24 23:47,16.92,21.55
2018/7/25 00:02,16.41,21.41
2018/7/25 00:17,16.53,21.36
2018/7/25 00:32,16.41,21.22
2018/7/25 00:47,16.53,21.12
2018/7/25 01:02,16.53,21.07
2018/7/25 01:17,16.66,20.98
2018/7/25 01:32,16.28,20.79
2018/7/25 01:47,16.53,20.64
2018/7/25 02:02,16.53,20.59
2018/7/25 02:17,16.15,20.5
2018/7/25 02:32,16.53,20.35
2018/7/25 02:47,16.4,20.35
2018/7/25 03:02,16.15,20.35
2018/7/25 03:17,16.4,20.3
2018/7/25 03:32,16.4,20.26
2018/7/25 03:47,16.4,20.26
2018/7/25 04:02,15.89,20.11
2018/7/25 04:17,16.4,20.01
2018/7/25 04:32,16.27,19.92
2018/7/25 04:47,15.89,19.82
2018/7/25 05:02,16.14,19.72
2018/7/25 05:17,16.01,19.82
2018/7/25 05:32,16.39,19.72
2018/7/25 05:47,16.39,19.62
2018/7/25 06:02,16.27,19.67
2018/7/25 06:17,16.01,19.87
2018/7/25 06:32,16.14,20.21
2018/7/25 06:47,16.39,20.45
2018/7/25 07:02,15.88,20.79
2018/7/25 07:17,16.01,21.07
2018/7/25 07:32,16.27,21.36
2018/7/25 07:47,16.27,21.64
2018/7/25 08:02,16.01,22.02
2018/7/25 08:17,15.76,22.4
2018/7/25 08:32,16.27,22.86
2018/7/25 08:47,15.89,24.84
2018/7/25 09:02,16.14,24.43
2018/7/25 09:17,16.27,26.01
2018/7/25 09:32,15.89,26.69
2018/7/25 09:47,15.63,28.15
2018/7/25 10:02,15.76,30.81
2018/7/25 10:17,15.9,42.21
2018/7/25 10:32,15.65,42.31
2018/7/25 10:47,15.66,47.58
2018/7/25 11:02,15.41,49
2018/7/25 11:17,15.41,50.06
2018/7/25 11:32,15.29,50.59
2018/7/25 11:47,15.03,44.01
2018/7/25 12:02,14.9,38.79
2018/7/25 12:17,14.51,40.77
2018/7/25 12:32,14.77,43.85
2018/7/25 12:47,14.64,34.86
2018/7/25 13:02,14.38,33.07
2018/7/25 13:17,14.24,31.34
2018/7/25 13:32,13.85,31.34
2018/7/25 13:47,13.98,31.51
2018/7/25 14:02,13.85,32.09
2018/7/25 14:17,13.98,31.65
2018/7/25 14:32,13.97,32.18
2018/7/25 14:47,13.46,31.65
2018/7/25 15:02,13.84,32.04
2018/7/25 15:17,13.58,32.13
2018/7/25 15:32,13.58,31.73
2018/7/25 15:47,13.58,31.78
2018/7/25 16:02,13.32,30.94
2018/7/25 16:17,13.45,30.01
2018/7/25 16:32,13.45,29.57
2018/7/25 16:47,13.19,29.08
2018/7/25 17:02,12.93,28.46
2018/7/25 17:17,13.06,27.8
2018/7/25 17:32,13.31,26.6
2018/7/25 17:47,13.05,25.74
2018/7/25 18:02,13.18,25.07
2018/7/25 18:17,13.05,24.43
2018/7/25 18:32,12.79,24.06
2018/7/25 18:47,13.05,23.83
2018/7/25 19:02,12.66,23.42
2018/7/25 19:17,12.92,23.19
2018/7/25 19:32,12.79,22.96
2018/7/25 19:47,12.79,22.68
2018/7/25 20:02,13.04,22.26
2018/7/25 20:17,13.04,22.16
2018/7/25 20:32,12.91,21.93
2018/7/25 20:47,13.04,21.88
2018/7/25 21:02,13.3,21.74
2018/7/25 21:17,12.78,21.64
2018/7/25 21:32,12.91,21.5
2018/7/25 21:47,12.78,21.5
2018/7/25 22:02,13.04,21.26
2018/7/25 22:17,13.04,21.22
2018/7/25 22:32,12.91,21.17
2018/7/25 22:47,13.04,21.12
2018/7/25 23:02,12.91,21.07
2018/7/25 23:17,12.52,21.03
2018/7/25 23:32,13.04,20.93
2018/7/25 23:47,12.78,20.93
2018/7/26 00:02,12.65,20.93
2018/7/26 00:17,13.03,20.79
2018/7/26 00:32,13.03,20.79
2018/7/26 00:47,12.78,20.83
2018/7/26 01:02,13.03,20.69
2018/7/26 01:17,13.29,20.69
2018/7/26 01:32,12.65,20.69
2018/7/26 01:47,12.52,20.59
2018/7/26 02:02,13.03,20.5
2018/7/26 02:17,12.77,20.55
2018/7/26 02:32,12.64,20.55
2018/7/26 02:47,13.29,20.45
2018/7/26 03:02,12.77,20.45
2018/7/26 03:17,12.9,20.45
2018/7/26 03:32,13.16,20.45
2018/7/26 03:47,13.16,20.4
2018/7/26 04:02,12.9,20.4
2018/7/26 04:17,12.51,20.4
2018/7/26 04:32,13.03,20.35
2018/7/26 04:47,12.9,20.35
2018/7/26 05:02,12.77,20.4
2018/7/26 05:17,12.64,20.3
2018/7/26 05:32,13.16,20.35
2018/7/26 05:47,12.64,20.35
2018/7/26 06:02,13.03,20.45
2018/7/26 06:17,12.9,20.59
2018/7/26 06:32,12.9,20.88
2018/7/26 06:47,12.64,21.17
2018/7/26 07:02,12.9,21.6
2018/7/26 07:17,12.77,21.97
2018/7/26 07:32,12.51,22.26
2018/7/26 07:47,12.77,22.54
2018/7/26 08:02,12.51,23
2018/7/26 08:17,12.64,23
2018/7/26 08:32,12.64,24.02
2018/7/26 08:47,12.64,24.38
2018/7/26 09:02,12.51,24.79
2018/7/26 09:17,12.51,25.16
2018/7/26 09:32,12.51,26.6
2018/7/26 09:47,12.64,28.02
2018/7/26 10:02,12.25,30.81
2018/7/26 10:17,12.38,42.52
2018/7/26 10:32,11.85,42.57
2018/7/26 10:47,11.97,47.13
2018/7/26 11:02,11.7,50
2018/7/26 11:17,11.82,48.89
2018/7/26 11:32,11.55,49.24
2018/7/26 11:47,11.42,44.11
2018/7/26 12:02,11.56,38.89
2018/7/26 12:17,11.44,43.9
2018/7/26 12:32,11.05,42.11
2018/7/26 12:47,11.05,34.19
2018/7/26 13:02,10.81,32.67
2018/7/26 13:17,11.07,32.49
2018/7/26 13:32,11.07,31.96
2018/7/26 13:47,10.94,31.47
2018/7/26 14:02,10.81,31.38
2018/7/26 14:17,10.94,31.82
2018/7/26 14:32,11.07,31.96
2018/7/26 14:47,10.94,31.87
2018/7/26 15:02,10.94,31.6
2018/7/26 15:17,10.94,31.2
2018/7/26 15:32,10.81,30.89
2018/7/26 15:47,10.55,30.72
2018/7/26 16:02,10.68,31.12
2018/7/26 16:17,10.55,30.32
2018/7/26 16:32,10.03,30.28
2018/7/26 16:47,10.42,29.66
2018/7/26 17:02,10.29,28.86
2018/7/26 17:17,10.55,28.07
2018/7/26 17:32,10.42,26.91
2018/7/26 17:47,10.55,25.92
2018/7/26 18:02,10.17,25.2
2018/7/26 18:17,9.91,24.84
2018/7/26 18:32,10.43,24.48
2018/7/26 18:47,10.43,24.34
2018/7/26 19:02,10.43,23.93
2018/7/26 19:17,10.17,23.51
2018/7/26 19:32,10.04,23.24
2018/7/26 19:47,9.92,22.91
2018/7/26 20:02,10.43,22.68
2018/7/26 20:17,10.3,22.44
2018/7/26 20:32,9.92,22.21
2018/7/26 20:47,9.92,22.07
2018/7/26 21:02,10.04,22.12
2018/7/26 21:17,10.3,21.97
2018/7/26 21:32,10.3,21.83
2018/7/26 21:47,10.43,21.69
2018/7/26 22:02,9.79,21.69
2018/7/26 22:17,10.43,21.5
2018/7/26 22:32,10.43,21.45
2018/7/26 22:47,10.43,21.45
2018/7/26 23:02,9.79,21.45
2018/7/26 23:17,9.79,21.26
2018/7/26 23:32,10.04,21.12
2018/7/26 23:47,10.17,21.07
2018/7/27 00:02,10.04,20.98
2018/7/27 00:17,10.17,20.93
2018/7/27 00:32,10.3,20.83
2018/7/27 00:47,9.91,20.83
2018/7/27 01:02,9.91,20.79
2018/7/27 01:17,9.78,20.69
2018/7/27 01:32,10.17,20.64
2018/7/27 01:47,10.17,20.64
2018/7/27 02:02,9.78,20.64
2018/7/27 02:17,10.17,20.59
2018/7/27 02:32,10.04,20.64
2018/7/27 02:47,9.78,20.55
2018/7/27 03:02,10.04,20.64
2018/7/27 03:17,10.17,20.45
2018/7/27 03:32,9.78,20.45
2018/7/27 03:47,9.65,20.4
2018/7/27 04:02,9.78,20.35
2018/7/27 04:17,9.53,20.26
2018/7/27 04:32,9.78,20.21
2018/7/27 04:47,10.29,20.16
2018/7/27 05:02,9.91,20.16
2018/7/27 05:17,9.65,20.16
2018/7/27 05:32,9.91,20.26
2018/7/27 05:47,10.29,20.3
2018/7/27 06:02,9.91,20.35
2018/7/27 06:17,10.16,20.45
2018/7/27 06:32,9.78,20.74
2018/7/27 06:47,9.65,21.07
2018/7/27 07:02,10.03,21.41
2018/7/27 07:17,9.65,21.93
2018/7/27 07:32,9.9,22.3
2018/7/27 07:47,9.9,22.72
2018/7/27 08:02,9.78,23
2018/7/27 08:17,9.9,23.37
2018/7/27 08:32,9.77,23.83
2018/7/27 08:47,9.77,24.34
2018/7/27 09:02,9.64,24.98
2018/7/27 09:17,9.9,25.83
2018/7/27 09:32,9.51,27.04
2018/7/27 09:47,9.26,28.6
2018/7/27 10:02,9.63,31.91
2018/7/27 10:17,9.49,43.54
2018/7/27 10:32,9.1,41.91
2018/7/27 10:47,9.35,47.86
2018/7/27 11:02,8.97,49.53
2018/7/27 11:17,8.84,49.47
2018/7/27 11:32,9.23,51.26
2018/7/27 11:47,8.97,40.33
2018/7/27 12:02,9.48,35.27
2018/7/27 12:17,9.26,37.15
2018/7/27 12:32,9.3,41.76
2018/7/27 12:47,9.43,34.23
2018/7/27 13:02,9.31,32.44
2018/7/27 13:17,9.7,31.96
2018/7/27 13:32,9.57,32.09
2018/7/27 13:47,9.83,32.31
2018/7/27 14:02,9.96,31.82
2018/7/27 14:17,9.7,32.53
2018/7/27 14:32,9.83,33.11
2018/7/27 14:47,9.7,33.02
2018/7/27 15:02,9.82,33.02
2018/7/27 15:17,9.95,32.84
2018/7/27 15:32,9.57,32.49
2018/7/27 15:47,9.69,32.93
2018/7/27 16:02,9.57,32.13
2018/7/27 16:17,9.31,31.12
2018/7/27 16:32,9.31,30.5
2018/7/27 16:47,9.44,29.35
2018/7/27 17:02,9.56,29.04
2018/7/27 17:17,9.44,28.38
2018/7/27 17:32,9.56,27.27
2018/7/27 17:47,9.18,25.97
2018/7/27 18:02,9.05,25.11
2018/7/27 18:17,9.31,24.79
2018/7/27 18:32,9.44,24.57
2018/7/27 18:47,9.18,24.11
2018/7/27 19:02,9.44,23.79
2018/7/27 19:17,9.56,23.42
2018/7/27 19:32,9.18,23.1
2018/7/27 19:47,9.43,22.96
2018/7/27 20:02,9.18,22.63
2018/7/27 20:17,9.18,22.54
2018/7/27 20:32,9.31,22.35
2018/7/27 20:47,9.18,22.12
2018/7/27 21:02,9.31,22.07
2018/7/27 21:17,9.18,21.93
2018/7/27 21:32,9.3,21.83
2018/7/27 21:47,9.56,21.74
2018/7/27 22:02,9.18,21.55
2018/7/27 22:17,9.18,21.55
2018/7/27 22:32,9.05,21.41
2018/7/27 22:47,9.3,21.26
2018/7/27 23:02,9.17,21.07
2018/7/27 23:17,9.43,20.93
2018/7/27 23:32,8.92,20.93
2018/7/27 23:47,9.3,20.79
2018/7/28 00:02,9.3,20.74
2018/7/28 00:17,9.56,20.64
2018/7/28 00:32,9.05,20.45
2018/7/28 00:47,9.43,20.35
2018/7/28 01:02,9.17,20.26
2018/7/28 01:17,9.56,20.21
2018/7/28 01:32,9.68,20.06
2018/7/28 01:47,9.43,19.96
2018/7/28 02:02,9.68,19.96
2018/7/28 02:17,9.43,19.82
2018/7/28 02:32,8.92,19.77
2018/7/28 02:47,9.3,19.77
2018/7/28 03:02,9.3,19.67
2018/7/28 03:17,8.91,19.57
2018/7/28 03:32,9.04,19.48
2018/7/28 03:47,9.43,19.33
2018/7/28 04:02,9.55,19.43
2018/7/28 04:17,9.42,19.28
2018/7/28 04:32,9.42,19.23
2018/7/28 04:47,9.3,19.33
2018/7/28 05:02,9.42,19.28
2018/7/28 05:17,9.42,19.18
2018/7/28 05:32,8.91,19.03
2018/7/28 05:47,9.3,18.93
2018/7/28 06:02,9.42,18.98
2018/7/28 06:17,9.17,19.03
2018/7/28 06:32,9.3,19.28
2018/7/28 06:47,9.29,19.62
2018/7/28 07:02,9.04,20.11
2018/7/28 07:17,8.91,20.64
2018/7/28 07:32,9.17,21.12
2018/7/28 07:47,9.29,21.36
2018/7/28 08:02,9.29,21.64
2018/7/28 08:17,9.04,22.07
2018/7/28 08:32,8.91,22.49
2018/7/28 08:47,8.91,23.14
2018/7/28 09:02,9.29,24.06
2018/7/28 09:17,9.16,25.02
2018/7/28 09:32,8.91,26.28
2018/7/28 09:47,8.65,28.38
2018/7/28 10:02,9.29,30.54
2018/7/28 10:17,8.51,42.42
2018/7/28 10:32,9.14,41.91
2018/7/28 10:47,8.5,48.72
2018/7/28 11:02,9,49.88
2018/7/28 11:17,8.99,52.86
2018/7/28 11:32,8.35,51.75
2018/7/28 11:47,8.35,47.19
2018/7/28 12:02,8.48,40.43
2018/7/28 12:17,8.87,40.62
2018/7/28 12:32,8.24,42.31
2018/7/28 12:47,8.24,35.22
2018/7/28 13:02,8.63,33.87
2018/7/28 13:17,8.63,33.69
2018/7/28 13:32,8.13,33.92
2018/7/28 13:47,8.38,33.56
2018/7/28 14:02,8.25,34.27
2018/7/28 14:17,8.38,34.77
2018/7/28 14:32,8,34.68
2018/7/28 14:47,8.12,34.32
2018/7/28 15:02,8.37,34.91
2018/7/28 15:17,8.12,35
2018/7/28 15:32,8.12,34.5
2018/7/28 15:47,8.24,34.77
2018/7/28 16:02,8.12,33.96
2018/7/28 16:17,7.74,33.25
2018/7/28 16:32,8.12,32.4
2018/7/28 16:47,7.99,31.51
2018/7/28 17:02,8.12,30.19
2018/7/28 17:17,8.12,29.61
2018/7/28 17:32,8.12,28.55
2018/7/28 17:47,8.25,27.49
2018/7/28 18:02,8,26.64
2018/7/28 18:17,7.87,26.19
2018/7/28 18:32,7.62,25.56
2018/7/28 18:47,8.25,25.25
2018/7/28 19:02,7.62,25.02
2018/7/28 19:17,7.87,24.89
2018/7/28 19:32,7.62,24.57
2018/7/28 19:47,8.25,24.16
2018/7/28 20:02,7.5,23.79
2018/7/28 20:17,7.5,23.7
2018/7/28 20:32,8,23.28
2018/7/28 20:47,8.13,23.14
2018/7/28 21:02,7.87,22.91
2018/7/28 21:17,7.87,22.72
2018/7/28 21:32,7.87,22.63
2018/7/28 21:47,7.5,22.54
2018/7/28 22:02,7.87,22.4
2018/7/28 22:17,7.87,22.35
2018/7/28 22:32,7.5,22.26
2018/7/28 22:47,7.87,22.07
2018/7/28 23:02,7.87,21.97
2018/7/28 23:17,8,21.93
2018/7/28 23:32,8.13,21.88
2018/7/28 23:47,7.75,21.83
2018/7/29 00:02,7.62,21.55
2018/7/29 00:17,7.87,21.55
2018/7/29 00:32,7.87,21.55
2018/7/29 00:47,7.62,21.36
2018/7/29 01:02,7.75,21.31
2018/7/29 01:17,7.75,21.17
2018/7/29 01:32,7.5,21.12
2018/7/29 01:47,8.12,21.17
2018/7/29 02:02,7.49,21.17
2018/7/29 02:17,8,21.07
2018/7/29 02:32,7.49,20.98
2018/7/29 02:47,7.75,21.07
2018/7/29 03:02,7.49,21.26
2018/7/29 03:17,7.62,21.45
2018/7/29 03:32,7.74,21.55
2018/7/29 03:47,7.37,21.69
2018/7/29 04:02,7.49,21.83
2018/7/29 04:17,7.62,21.79
2018/7/29 04:32,7.62,21.79
2018/7/29 04:47,7.87,21.64
2018/7/29 05:02,7.74,21.79
2018/7/29 05:17,7.74,21.64
2018/7/29 05:32,7.62,21.31
2018/7/29 05:47,7.87,21.17
2018/7/29 06:02,7.74,21.31
2018/7/29 06:17,7.37,21.74
2018/7/29 06:32,7.74,21.97
2018/7/29 06:47,7.74,22.49
2018/7/29 07:02,7.49,22.91
2018/7/29 07:17,7.74,23.24
2018/7/29 07:32,7.74,24.06
2018/7/29 07:47,7.36,24.61
2018/7/29 08:02,7.36,25.34
2018/7/29 08:17,7.48,25.65
2018/7/29 08:32,7.23,25.65
2018/7/29 08:47,7.35,26.55
2018/7/29 09:02,7.35,26.55
2018/7/29 09:17,7.48,26.42
2018/7/29 09:32,7.35,26.82
2018/7/29 09:47,7.85,28.38
2018/7/29 10:02,7.72,30.98
2018/7/29 10:17,7.34,41.76
2018/7/29 10:32,7.33,42.06
2018/7/29 10:47,7.33,47.8
2018/7/29 11:02,7.58,50.89
2018/7/29 11:17,7.21,51.62
2018/7/29 11:32,7.33,51.68
2018/7/29 11:47,7.46,49.65
2018/7/29 12:02,7.46,39.46
2018/7/29 12:17,7.21,41.07
2018/7/29 12:32,7.58,40.82
2018/7/29 12:47,7.33,34.91
2018/7/29 13:02,7.33,32.67
2018/7/29 13:17,6.96,31.87
2018/7/29 13:32,7.21,32.49
2018/7/29 13:47,7.46,31.96
2018/7/29 14:02,6.96,32.13
2018/7/29 14:17,7.09,31.91
2018/7/29 14:32,7.21,32.71
2018/7/29 14:47,6.71,32.8
2018/7/29 15:02,7.09,32.71
2018/7/29 15:17,6.96,32.49
2018/7/29 15:32,7.09,32
2018/7/29 15:47,7.33,32
2018/7/29 16:02,6.84,31.29
2018/7/29 16:17,6.96,30.54
2018/7/29 16:32,6.71,30.28
2018/7/29 16:47,6.71,30.06
2018/7/29 17:02,6.96,29.04
2018/7/29 17:17,6.84,28.46
2018/7/29 17:32,7.09,26.82
2018/7/29 17:47,6.59,25.92
2018/7/29 18:02,6.59,25.16
2018/7/29 18:17,7.21,24.61
2018/7/29 18:32,6.71,24.34
2018/7/29 18:47,6.84,23.93
2018/7/29 19:02,6.59,23.74
2018/7/29 19:17,6.71,23.56
2018/7/29 19:32,6.59,23.24
2018/7/29 19:47,6.71,21.41
2018/7/29 20:02,6.72,21.36
2018/7/29 20:17,6.72,21.31
2018/7/29 20:32,6.6,21.36
2018/7/29 20:47,6.97,21.36
2018/7/29 21:02,6.6,21.55
2018/7/29 21:17,7.22,21.64
2018/7/29 21:32,7.09,21.6
2018/7/29 21:47,7.09,21.45
2018/7/29 22:02,6.84,21.41
2018/7/29 22:17,6.85,21.36
2018/7/29 22:32,6.6,21.36
2018/7/29 22:47,7.09,21.31
2018/7/29 23:02,6.97,21.22
2018/7/29 23:17,6.72,21.07
2018/7/29 23:32,7.09,21.03
2018/7/29 23:47,6.6,20.98
2018/7/30 00:02,6.85,20.88
2018/7/30 00:17,6.72,20.93
2018/7/30 00:32,7.22,20.88
2018/7/30 00:47,6.97,20.79
2018/7/30 01:02,6.6,20.79
2018/7/30 01:17,6.72,20.64
2018/7/30 01:32,6.72,20.64
2018/7/30 01:47,6.72,20.59
2018/7/30 02:02,6.72,20.55
2018/7/30 02:17,6.97,20.45
2018/7/30 02:32,6.6,20.4
2018/7/30 02:47,6.6,20.26
2018/7/30 03:02,6.97,20.21
2018/7/30 03:17,7.09,20.11
2018/7/30 03:32,7.22,20.11
2018/7/30 03:47,7.22,20.11
2018/7/30 04:02,6.97,20.01
2018/7/30 04:17,6.85,20.06
2018/7/30 04:32,6.97,20.01
2018/7/30 04:47,6.72,20.06
2018/7/30 05:02,6.97,19.96
2018/7/30 05:17,7.22,19.92
2018/7/30 05:32,6.97,19.92
2018/7/30 05:47,7.22,19.92
2018/7/30 06:02,6.85,20.16
2018/7/30 06:17,6.84,20.3
2018/7/30 06:32,6.97,20.5
2018/7/30 06:47,6.6,20.83
2018/7/30 07:02,6.72,21.22
2018/7/30 07:17,6.6,21.5
2018/7/30 07:32,6.97,21.74
2018/7/30 07:47,7.09,22.02
2018/7/30 08:02,6.84,22.3
2018/7/30 08:17,6.96,22.72
2018/7/30 08:32,7.09,23
2018/7/30 08:47,6.84,23.6
2018/7/30 09:02,6.96,24.2
2018/7/30 09:17,7.21,25.07
2018/7/30 09:32,6.71,26.15
2018/7/30 09:47,7.09,27.89
2018/7/30 10:02,6.59,30.81
2018/7/30 10:17,6.47,41.41
2018/7/30 10:32,6.35,41.96
2018/7/30 10:47,6.96,50.53
2018/7/30 11:02,6.84,50.83
2018/7/30 11:17,6.84,51.08
2018/7/30 11:32,6.84,51.2
2018/7/30 11:47,6.59,48.2
2018/7/30 12:02,6.59,39.32
2018/7/30 12:17,6.84,40.72
2018/7/30 12:32,6.47,40.28
2018/7/30 12:47,6.71,33.29
2018/7/30 13:02,6.96,32.53
2018/7/30 13:17,6.96,32.84
2018/7/30 13:32,6.71,32.8
2018/7/30 13:47,6.59,32.67
2018/7/30 14:02,6.71,32.8
2018/7/30 14:17,6.71,33.07
2018/7/30 14:32,6.71,32.53
2018/7/30 14:47,6.96,32.4
2018/7/30 15:02,6.35,32
2018/7/30 15:17,6.35,32.04
2018/7/30 15:32,6.47,32.27
2018/7/30 15:47,6.47,31.96
2018/7/30 16:02,6.71,31.07
2018/7/30 16:17,6.59,30.85
2018/7/30 16:32,6.35,30.36
2018/7/30 16:47,6.84,29.97
2018/7/30 17:02,6.47,29.66
2018/7/30 17:17,6.71,28.6
2018/7/30 17:32,6.22,27.58
2018/7/30 17:47,6.47,26.64
2018/7/30 18:02,6.59,25.97
2018/7/30 18:17,6.84,25.52
2018/7/30 18:32,6.35,25.07
2018/7/30 18:47,6.59,24.79
2018/7/30 19:02,6.47,24.61
2018/7/30 19:17,6.71,24.61
2018/7/30 19:32,6.35,24.34
2018/7/30 19:47,6.35,24.06
2018/7/30 20:02,6.35,23.74
2018/7/30 20:17,6.1,23.7
2018/7/30 20:32,6.47,23.6
2018/7/30 20:47,6.22,23.51
2018/7/30 21:02,6.59,23.28
2018/7/30 21:17,6.22,23.19
2018/7/30 21:32,6.71,22.96
2018/7/30 21:47,6.59,22.91
2018/7/30 22:02,6.35,22.86
2018/7/30 22:17,6.47,22.82
2018/7/30 22:32,6.1,22.68
2018/7/30 22:47,6.71,22.68
2018/7/30 23:02,6.47,22.63
2018/7/30 23:17,6.71,22.49
2018/7/30 23:32,6.59,22.58
2018/7/30 23:47,6.71,22.44
2018/7/31 00:02,6.71,22.3
2018/7/31 00:17,6.1,22.26
2018/7/31 00:32,6.35,22.26
2018/7/31 00:47,6.35,22.21
2018/7/31 01:02,6.47,22.16
2018/7/31 01:17,6.1,22.12
2018/7/31 01:32,6.47,22.16
2018/7/31 01:47,6.59,22.12
2018/7/31 02:02,6.22,22.02
2018/7/31 02:17,6.35,22.07
2018/7/31 02:32,6.71,21.97
2018/7/31 02:47,6.59,21.93
2018/7/31 03:02,6.71,21.79
2018/7/31 03:17,6.71,21.64
2018/7/31 03:32,6.35,21.6
2018/7/31 03:47,6.1,21.45
2018/7/31 04:02,6.47,21.45
2018/7/31 04:17,6.47,21.36
2018/7/31 04:32,6.47,21.36
2018/7/31 04:47,6.47,21.41
2018/7/31 05:02,6.59,21.45
2018/7/31 05:17,6.59,21.6
2018/7/31 05:32,6.22,21.55
2018/7/31 05:47,6.84,21.64
2018/7/31 06:02,6.22,21.83
2018/7/31 06:17,6.71,21.88
2018/7/31 06:32,6.35,22.35
2018/7/31 06:47,6.35,22.96
2018/7/31 07:02,6.59,22.77
2018/7/31 07:17,6.35,22.68
2018/7/31 07:32,6.47,22.86
2018/7/31 07:47,6.47,23.05
2018/7/31 08:02,6.22,23.33
2018/7/31 08:17,6.71,23.51
2018/7/31 08:32,6.1,24.25
2018/7/31 08:47,6.22,24.57
2018/7/31 09:02,6.47,24.7
2018/7/31 09:17,6.1,25.65
2018/7/31 09:32,6.71,26.73
2018/7/31 09:47,6.59,28.38
2018/7/31 10:02,6.35,30.81
2018/7/31 10:17,5.98,41.66
2018/7/31 10:32,6.35,44.01
2018/7/31 10:47,6.47,50.06
2018/7/31 11:02,6.47,51.81
2018/7/31 11:17,6.35,52.61
2018/7/31 11:32,6.47,51.75
2018/7/31 11:47,6.35,50.06
2018/7/31 12:02,6.1,40.04
2018/7/31 12:17,6.47,41.12
2018/7/31 12:32,6.35,39.99
2018/7/31 12:47,5.98,36
2018/7/31 13:02,6.22,34.86
2018/7/31 13:17,6.1,34.23
2018/7/31 13:32,6.22,34.5
2018/7/31 13:47,6.59,33.83
2018/7/31 14:02,6.47,33.47
2018/7/31 14:17,6.22,34.14
2018/7/31 14:32,6.22,34.27
2018/7/31 14:47,6.22,34.14
2018/7/31 15:02,6.22,33.69
2018/7/31 15:17,6.35,33.51
2018/7/31 15:32,5.98,33.69
2018/7/31 15:47,6.35,33.2
2018/7/31 16:02,5.74,33.02
2018/7/31 16:17,6.22,32.22
2018/7/31 16:32,6.1,31.38
2018/7/31 16:47,5.86,30.72
2018/7/31 17:02,5.98,30.1
2018/7/31 17:17,5.86,28.69
2018/7/31 17:32,6.47,27.76
2018/7/31 17:47,6.47,26.33
2018/7/31 18:02,6.22,25.43
2018/7/31 18:17,6.22,24.93
2018/7/31 18:32,6.1,24.93
2018/7/31 18:47,5.74,24.79
2018/7/31 19:02,5.98,24.29
2018/7/31 19:17,5.98,24.2
2018/7/31 19:32,5.74,24.02
2018/7/31 19:47,5.86,23.74
2018/7/31 20:02,5.98,23.37
2018/7/31 20:17,5.74,23.28
2018/7/31 20:32,6.1,23.05
2018/7/31 20:47,6.1,23
2018/7/31 21:02,5.98,22.86
2018/7/31 21:17,6.22,22.77
2018/7/31 21:32,6.22,22.77
2018/7/31 21:47,6.22,22.72
2018/7/31 22:02,6.1,22.63
2018/7/31 22:17,5.86,22.54
2018/7/31 22:32,6.1,22.54
2018/7/31 22:47,5.86,22.54
2018/7/31 23:02,5.86,22.54
2018/7/31 23:17,6.1,22.54
2018/7/31 23:32,6.1,22.58
2018/7/31 23:47,5.86,22.49
2018/8/1 00:02,6.35,22.44
2018/8/1 00:17,5.86,22.44
2018/8/1 00:32,6.22,22.4
2018/8/1 00:47,6.1,22.54
2018/8/1 01:02,6.22,22.49
2018/8/1 01:17,6.22,22.44
2018/8/1 01:32,5.86,22.3
2018/8/1 01:47,5.98,22.21
2018/8/1 02:02,6.22,22.12
2018/8/1 02:17,6.35,22.07
2018/8/1 02:32,6.1,21.97
2018/8/1 02:47,5.98,22.02
2018/8/1 03:02,6.22,21.97
2018/8/1 03:17,5.86,21.93
2018/8/1 03:32,6.22,21.97
2018/8/1 03:47,6.35,22.02
2018/8/1 04:02,5.86,21.93
2018/8/1 04:17,5.86,21.97
2018/8/1 04:32,5.86,21.97
2018/8/1 04:47,6.1,21.97
2018/8/1 05:02,6.1,21.93
2018/8/1 05:17,6.35,21.79
2018/8/1 05:32,5.98,21.5
2018/8/1 05:47,5.86,21.36
2018/8/1 06:02,5.62,21.41
2018/8/1 06:17,5.86,21.6
2018/8/1 06:32,6.1,21.79
2018/8/1 06:47,6.1,22.02
2018/8/1 07:02,5.86,22.54
2018/8/1 07:17,6.1,23.14
2018/8/1 07:32,30.26,23.6
2018/8/1 07:47,30,23.42
2018/8/1 08:02,29.62,23.33
2018/8/1 08:17,30,23.24
2018/8/1 08:32,29.62,23.47
2018/8/1 08:47,29.49,23.97
2018/8/1 09:02,29.87,24.48
2018/8/1 09:17,29.75,25.2
2018/8/1 09:32,29.36,26.19
2018/8/1 09:47,29.36,28.07
2018/8/1 10:02,28.86,31.12
2018/8/1 10:17,28.6,40.87
2018/8/1 10:32,28.87,42.06
2018/8/1 10:47,28.22,47.58
2018/8/1 11:02,28.48,48.32
2018/8/1 11:17,27.97,50
2018/8/1 11:32,27.84,49.53
2018/8/1 11:47,27.97,39.85
2018/8/1 12:02,27.71,38.27
2018/8/1 12:17,27.58,41.56
2018/8/1 12:32,27.45,44.43
2018/8/1 12:47,27.19,34.91
2018/8/1 13:02,26.8,32.22
2018/8/1 13:17,27.18,31.29
2018/8/1 13:32,27.18,31.12
2018/8/1 13:47,26.66,31.43
2018/8/1 14:02,26.53,31.47
2018/8/1 14:17,26.66,31.51
2018/8/1 14:32,26.53,31.51
2018/8/1 14:47,26.53,32.04
2018/8/1 15:02,26.4,31.96
2018/8/1 15:17,26.39,32.04
2018/8/1 15:32,25.88,32.18
2018/8/1 15:47,26.26,31.69
2018/8/1 16:02,25.87,31.51
2018/8/1 16:17,25.74,30.81
2018/8/1 16:32,25.74,30.14
2018/8/1 16:47,25.87,29.39
2018/8/1 17:02,26,29.04
2018/8/1 17:17,25.87,28.15
2018/8/1 17:32,25.22,27.13
2018/8/1 17:47,25.74,25.74
2018/8/1 18:02,25.22,25.2
2018/8/1 18:17,25.48,24.25
2018/8/1 18:32,25.47,23.88
2018/8/1 18:47,25.34,23.6
2018/8/1 19:02,25.21,23.24
2018/8/1 19:17,25.47,22.72
2018/8/1 19:32,25.21,22.35
2018/8/1 19:47,25.34,22.02
2018/8/1 20:02,24.95,21.88
2018/8/1 20:17,25.34,21.64
2018/8/1 20:32,25.47,21.6
2018/8/1 20:47,25.34,21.55
2018/8/1 21:02,25.34,21.36
2018/8/1 21:17,25.08,21.22
2018/8/1 21:32,25.47,21.07
2018/8/1 21:47,25.21,21.03
2018/8/1 22:02,24.82,20.93
2018/8/1 22:17,25.08,20.83
2018/8/1 22:32,24.69,20.79
2018/8/1 22:47,25.33,20.69
2018/8/1 23:02,25.08,20.64
2018/8/1 23:17,25.2,20.45
2018/8/1 23:32,25.08,20.5
2018/8/1 23:47,24.95,20.35
2018/8/2 00:02,24.95,20.3
2018/8/2 00:17,25.07,20.21
2018/8/2 00:32,24.95,20.06
2018/8/2 00:47,25.2,20.06
2018/8/2 01:02,25.2,19.92
2018/8/2 01:17,25.2,19.92
2018/8/2 01:32,24.69,19.96
2018/8/2 01:47,25.07,19.92
2018/8/2 02:02,25.07,19.82
2018/8/2 02:17,24.69,19.77
2018/8/2 02:32,24.43,19.67
2018/8/2 02:47,24.56,19.62
2018/8/2 03:02,24.81,19.67
2018/8/2 03:17,24.81,19.53
2018/8/2 03:32,24.81,19.53
2018/8/2 03:47,24.81,19.43
2018/8/2 04:02,24.68,19.53
2018/8/2 04:17,24.81,19.38
2018/8/2 04:32,24.94,19.33
2018/8/2 04:47,24.94,19.23
2018/8/2 05:02,24.43,19.23
2018/8/2 05:17,24.68,19.13
2018/8/2 05:32,24.3,19.33
2018/8/2 05:47,24.42,19.43
2018/8/2 06:02,24.81,19.57
2018/8/2 06:17,24.3,19.77
2018/8/2 06:32,24.55,19.96
2018/8/2 06:47,24.3,20.21
2018/8/2 07:02,24.3,20.5
2018/8/2 07:17,24.42,20.79
2018/8/2 07:32,24.42,21.07
2018/8/2 07:47,24.42,21.31
2018/8/2 08:02,24.42,21.6
2018/8/2 08:17,24.17,21.88
2018/8/2 08:32,24.55,22.26
2018/8/2 08:47,24.42,22.86
2018/8/2 09:02,24.42,23.56
2018/8/2 09:17,23.91,24.66
2018/8/2 09:32,23.78,25.7
2018/8/2 09:47,23.91,27.44
2018/8/2 10:02,24.03,30.23
2018/8/2 10:17,23.64,40.38
2018/8/2 10:32,50.74,41.81
2018/8/2 10:47,42.42,47.58
2018/8/2 11:02,39.18,49.94
2018/8/2 11:17,36.51,51.44
2018/8/2 11:32,34.34,51.2
2018/8/2 11:47,33.35,43.18
2018/8/2 12:02,31.79,39.8
2018/8/2 12:17,30.82,44.59
2018/8/2 12:32,30.08,47.47
2018/8/2 12:47,29.69,36
2018/8/2 13:02,28.72,33.83
2018/8/2 13:17,28.7,32.36
2018/8/2 13:32,28.2,32.49
2018/8/2 13:47,27.59,32.18
2018/8/2 14:02,27.46,31.87
2018/8/2 14:17,27.21,32.31
2018/8/2 14:32,26.96,32.58
2018/8/2 14:47,26.47,33.02
2018/8/2 15:02,26.59,32.31
2018/8/2 15:17,26.22,32.27
2018/8/2 15:32,25.6,31.96
2018/8/2 15:47,25.72,31.2
2018/8/2 16:02,25.71,31.12
2018/8/2 16:17,25.34,31.12
2018/8/2 16:32,25.34,30.41
2018/8/2 16:47,24.72,30.01
2018/8/2 17:02,25.09,29.22
2018/8/2 17:17,24.96,28.6
2018/8/2 17:32,24.46,27.84
2018/8/2 17:47,24.58,26.69
2018/8/2 18:02,24.33,25.61
2018/8/2 18:17,24.45,24.89
2018/8/2 18:32,24.2,24.84
2018/8/2 18:47,24.2,24.61
2018/8/2 19:02,24.45,24.11
2018/8/2 19:17,24.32,23.7
2018/8/2 19:32,23.82,23.33
2018/8/2 19:47,24.44,23
2018/8/2 20:02,23.82,22.58
2018/8/2 20:17,24.07,22.44
2018/8/2 20:32,24.07,22.21
2018/8/2 20:47,24.19,21.93
2018/8/2 21:02,24.19,22.12
2018/8/2 21:17,23.69,21.93
2018/8/2 21:32,23.81,21.97
2018/8/2 21:47,23.94,21.69
2018/8/2 22:02,23.44,21.55
2018/8/2 22:17,23.81,21.45
2018/8/2 22:32,23.81,21.31
2018/8/2 22:47,23.44,21.31
2018/8/2 23:02,23.68,21.12
2018/8/2 23:17,23.43,21.12
2018/8/2 23:32,23.81,21.03
2018/8/2 23:47,23.43,21.07
2018/8/3 00:02,23.56,21.17
2018/8/3 00:17,23.56,21.03
2018/8/3 00:32,23.43,20.93
2018/8/3 00:47,23.55,20.79
2018/8/3 01:02,23.18,20.74
2018/8/3 01:17,23.43,20.74
2018/8/3 01:32,23.3,20.59
2018/8/3 01:47,23.3,20.5
2018/8/3 02:02,23.05,20.45
2018/8/3 02:17,23.43,20.26
2018/8/3 02:32,23.18,20.26
2018/8/3 02:47,23.18,20.21
2018/8/3 03:02,23.3,20.16
2018/8/3 03:17,23.42,20.06
2018/8/3 03:32,23.17,20.11
2018/8/3 03:47,22.8,20.11
2018/8/3 04:02,22.92,20.06
2018/8/3 04:17,22.8,20.06
2018/8/3 04:32,23.05,19.96
2018/8/3 04:47,22.8,19.96
2018/8/3 05:02,23.17,19.87
2018/8/3 05:17,22.92,19.87
2018/8/3 05:32,22.67,20.01
2018/8/3 05:47,22.79,20.11
2018/8/3 06:02,23.04,20.26
2018/8/3 06:17,22.79,20.55
2018/8/3 06:32,22.92,20.79
2018/8/3 06:47,22.67,20.98
2018/8/3 07:02,22.42,21.12
2018/8/3 07:17,22.79,21.36
2018/8/3 07:32,22.29,21.6
2018/8/3 07:47,22.17,21.83
2018/8/3 08:02,22.17,22.07
2018/8/3 08:17,22.04,22.4
2018/8/3 08:32,22.04,22.72
2018/8/3 08:47,22.42,23.28
2018/8/3 09:02,21.92,23.88
2018/8/3 09:17,21.79,24.75
2018/8/3 09:32,22.17,26.15
2018/8/3 09:47,21.54,27.98
2018/8/3 10:02,21.55,31.2
2018/8/3 10:17,21.3,41.71
2018/8/3 10:32,20.8,42.67
2018/8/3 10:47,20.42,49.3
2018/8/3 11:02,20.17,51.68
2018/8/3 11:17,20.17,50.06
2018/8/3 11:32,20.04,49.12
2018/8/3 11:47,19.91,42.11
2018/8/3 12:02,19.65,36.69
2018/8/3 12:17,19.14,41.46
2018/8/3 12:32,18.88,44.22
2018/8/3 12:47,18.88,34.45
2018/8/3 13:02,18.75,31.73
2018/8/3 13:17,18.48,31.87
2018/8/3 13:32,18.35,32.09
2018/8/3 13:47,18.09,32.27
2018/8/3 14:02,18.22,32.22
2018/8/3 14:17,18.47,32.31
2018/8/3 14:32,18.34,31.73
2018/8/3 14:47,17.96,32.04
2018/8/3 15:02,17.57,31.29
2018/8/3 15:17,17.44,32.22
2018/8/3 15:32,17.56,31.29
2018/8/3 15:47,17.43,31.25
2018/8/3 16:02,17.43,30.76
2018/8/3 16:17,17.17,30.85
2018/8/3 16:32,17.3,28.46
2018/8/3 16:47,16.91,27.31
2018/8/3 17:02,16.91,27.13
2018/8/3 17:17,16.91,26.46
2018/8/3 17:32,16.78,25.88
2018/8/3 17:47,16.9,24.61
2018/8/3 18:02,16.9,23.93
2018/8/3 18:17,16.77,23.37
2018/8/3 18:32,16.26,23.24
2018/8/3 18:47,16.77,22.91
2018/8/3 19:02,16.64,22.68
2018/8/3 19:17,16.12,22.35
2018/8/3 19:32,16.25,22.21
2018/8/3 19:47,16.12,21.93
2018/8/3 20:02,16.64,21.79
2018/8/3 20:17,16.51,21.64
2018/8/3 20:32,16.25,21.45
2018/8/3 20:47,16.51,21.36
2018/8/3 21:02,15.99,21.31
2018/8/3 21:17,16.38,21.31
2018/8/3 21:32,16.63,21.31
2018/8/3 21:47,16.37,21.26
2018/8/3 22:02,16.5,21.12
2018/8/3 22:17,16.24,21.07
2018/8/3 22:32,16.5,21.07
2018/8/3 22:47,16.37,21.22
2018/8/3 23:02,16.37,21.07
2018/8/3 23:17,15.86,21.03
2018/8/3 23:32,16.24,20.88
2018/8/3 23:47,16.37,20.79
